[{"pk": 1, "model": "review.reviewsurvey", "fields": {"description": "Online Course Review", "title": "Online Course Review v.1"}}, {"pk": 1, "model": "review.survey", "fields": {"description": "Pre assessment.", "title": "Pre Assessment Survey"}}, {"pk": 1, "model": "review.reviewsection", "fields": {"text": "Category 1\r\n", "survey": 1, "name": "Learner Support and Resources", "rank": 1}}, {"pk": 2, "model": "review.reviewsection", "fields": {"text": "Category 2\r\n", "survey": 1, "name": "Online Organization and Design", "rank": 2}}, {"pk": 3, "model": "review.reviewsection", "fields": {"text": "Category 3\r\n", "survey": 1, "name": "Instructional Design and Delivery", "rank": 3}}, {"pk": 4, "model": "review.reviewsection", "fields": {"text": "Category 4\r\n", "survey": 1, "name": "Assessment and Evaluation of Student Learning", "rank": 4}}, {"pk": 5, "model": "review.reviewsection", "fields": {"text": "Category 5\r\n", "survey": 1, "name": "Appropriate and Effective Use of Technology", "rank": 5}}, {"pk": 6, "model": "review.reviewsection", "fields": {"text": "Category 6\r\n", "survey": 1, "name": "Student Feedback", "rank": 6}}, {"pk": 1, "model": "review.reviewquestion", "fields": {"text": "A.", "section": 1, "guide": "A. EXEMPLARY<br />\r\nIn an exemplary course, most of the following would be present:<br />\r\n&bull; Tutorial(s) to use the LMS tools commonly used in the course (Blackboard or Moodle)<br />\r\n&bull; Tips for being a successful online student <br />\r\n&bull; Minimum computer hardware and software requirements <br />\r\n&bull; General advice to take the course<br />\r\n&bull; Information/tutorials on how to use course tools (e.g., posting to a discussion forum)<br />\r\n&bull; Contact information for technical support <br />", "rank": 1}}, {"pk": 2, "model": "review.reviewquestion", "fields": {"text": "B.", "section": 1, "guide": "B. EXEMPLARY<br />\r\n&bull; Contact information for the instructor <br />\r\n&bull; Contact information for academic department or advisor <br />\r\n&bull; Link(s) to Bookstore(s) to order textbooks or other instructional materials <br />\r\n&bull; In writing intensive courses, basic guidelines to format papers and/or citations (e.g., APA, MLA, etc.)<br />\r\n&bull; In courses that require the use of library resources, link to e-Library and instructions to access resources online <br />\r\n&bull; If specific technologies are required (for example, a concept mapping tool), instructions to install and use them are provided <br />\r\n&bull; If the course has proctored exams, links to the testing center(s) and instructions <br />\r\n&bull; Link(s) to web sites with supporting information relevant to course content <br />\r\n&bull; When a page requires that an applet, plug-in, or other application be present on the client system, the page provides a link to the needed plug-in or applet</p>", "rank": 2}}, {"pk": 3, "model": "review.reviewquestion", "fields": {"text": "C.", "section": 1, "guide": "<p>C. EXEMPLARY<br />\r\n&bull; Estimated amount of time needed for completing course requirements<br />\r\n&bull; Link(s) to web sites of organizations or professional associations related to course content <br />\r\n&bull; Glossary of terms or links to definitions of key vocabulary <br />\r\n&bull; Content is presented using a range of media (written, aural, visual, etc.) <br />\r\n&bull; Links to campus student service units (e.g., Student Success Center, Kokua Office, etc.) </p>", "rank": 3}}, {"pk": 4, "model": "review.reviewquestion", "fields": {"text": "A.", "section": 2, "guide": "A. EXEMPLARY<br />\r\n&bull; Course navigation is made explicit (e.g., a content map is available, navigation is explained in a tutorial or video, etc.)<br />\r\n&bull; Key components and structure of the course are made explicit<br />\r\n&bull; Course syllabus, schedule, resources, and interaction tools (e.g., discussion board) are always easily reached <br />\r\n&bull; Core instructional materials are easily located <br />\r\n&bull; If the course content is structured in chronological order, there is an alternative thematic navigation option to access the course content <br />", "rank": 1}}, {"pk": 5, "model": "review.reviewquestion", "fields": {"text": "B.", "section": 2, "guide": "B. EXEMPLARY<br />\r\nAn exemplary syllabus will contain most of the following:<br />\r\n&bull; Course description from the university catalog <br />\r\n&bull; Course goals and learning objectives<br />\r\n&bull; Narrative or table that makes explicit the alignment of course goals and objectives with program or departmental learning outcomes <br />\r\n&bull; A list of all required assignments, the weights given to each, due dates, and penalties for late submissions <br />\r\n&bull; Course materials (e.g., textbook information, including e-book options and supplementary websites, subscription to streaming content, etc.)<br />\r\n&bull; Policy statements regarding academic integrity, copyright, and accessibility<br />\r\n&bull; Communication policies, including participation, netiquette, ways to reach the instructor, and expectations of availability of and turnaround time for contact with instructor <br />\r\n&bull; A course schedule (what happens when)<br />\r\n&bull; A timeline for student participation<br />", "rank": 2}}, {"pk": 6, "model": "review.reviewquestion", "fields": {"text": "C.", "section": 2, "guide": "C. EXEMPLARY<br />\r\n&bull; Typeface is easy to read (non-serif instead of serif fonts are used)<br />\r\n&bull; There is always sufficient contrast between text and background <br />\r\n&bull; Images supporting course content add visual value or interest <br />\r\n&bull; Course pages are kept to a comfortable length (not much scrolling is needed)<br />", "rank": 3}}, {"pk": 7, "model": "review.reviewquestion", "fields": {"text": "D.", "section": 2, "guide": "D. EXEMPLARY<br />\r\n&bull; Layout of course is visually and functionally consistent <br />\r\n&bull; Spelling and grammar are consistent and accurate <br />", "rank": 4}}, {"pk": 8, "model": "review.reviewquestion", "fields": {"text": "E.", "section": 2, "guide": "E. EXEMPLARY<br />\r\n&bull; Non-textual elements are associated with textual equivalents (e.g. alternative text tags are used in all images, transcripts or close captioning for video, etc.)<br />\r\n&bull; Captioning or transcripts are available for audio or video materials.<br />\r\n&bull; Row and column headers are identified in data tables (necessary for screen readers to work well)<br />\r\n&bull; Use of color does not disadvantage those with color blindness (e.g., green and blue are not used to make important distinctions) <br />", "rank": 5}}, {"pk": 9, "model": "review.reviewquestion", "fields": {"text": "A.", "section": 3, "guide": "A. EXEMPLARY<br />\r\n&bull; The instructor has a profile page with relevant information<br />\r\n&bull; The introduces himself/herself <br />\r\n&bull; Students are encouraged to create a profile <br />\r\n&bull; Course includes ice-breaking activities that help students know each other<br />\r\n&bull; Students are encouraged to address classmates comments in discussions <br />\r\n&bull; Course provides opportunities for interaction with a relevant community of practice<br />", "rank": 1}}, {"pk": 10, "model": "review.reviewquestion", "fields": {"text": "B.", "section": 3, "guide": "B. EXEMPLARY<br />\r\n&bull; Course goals are stated in the syllabus <br />\r\n&bull; Course goals are reiterated in the course content or discussions<br />", "rank": 2}}, {"pk": 11, "model": "review.reviewquestion", "fields": {"text": "C.", "section": 3, "guide": "C. EXEMPLARY<br />\r\n&bull; Learning objectives are stated for most activities<br />\r\n&bull; Course activities are likely to achieve specified objectives <br />", "rank": 3}}, {"pk": 12, "model": "review.reviewquestion", "fields": {"text": "D.", "section": 3, "guide": "D. EXEMPLARY<br />\r\n&bull; Activities address multiple learning preferences by presenting content in multiple alternative forms (e.g., a reading and complementary video or audio)<br />\r\n", "rank": 4}}, {"pk": 13, "model": "review.reviewquestion", "fields": {"text": "E.", "section": 3, "guide": "E. EXEMPLARY<br />\r\n&bull; Activities go beyond simply recalling or understanding information (e.g., activities require students to apply, analyze, synthesize or evaluate information) <br />\r\n&bull; Key course activities are properly scaffolded (e.g., there course offers supplementary activities to support a main course activity)<br />", "rank": 5}}, {"pk": 14, "model": "review.reviewquestion", "fields": {"text": "A.", "section": 4, "guide": "A. Course has activities to assess student readiness for course content and mode of delivery<br />\r\n&bull; All assessment criteria are available to students<br />\r\n&bull; Acceptable methods for completing assignments are identified (group work, open book, etc.)<br />", "rank": 1}}, {"pk": 15, "model": "review.reviewquestion", "fields": {"text": "B.", "section": 4, "guide": "B. Assessment activities are aligned with learning objectives<br />\r\n&bull; Learning objectives are listed or referenced in main assessments<br />\r\n&bull; Criteria to evaluate participation in online discussion are made available<br />\r\n&bull; Study questions or sample questions are provided for main evaluations <br />\r\n&bull; Samples of assignments are provided</p>", "rank": 2}}, {"pk": 16, "model": "review.reviewquestion", "fields": {"text": "C.", "section": 4, "guide": "<p>C. Multiple assessment strategies are used to measure content knowledge, attitudes, and skills<br />\r\n&bull; When possible, options among assignments are provided to allow for different interests, backgrounds, and learning preferences<br />\r\n&bull; Students are not assessed solely on tests/quizzes but are provided ample opportunity to demonstrate proficiency in different ways (e.g., projects, problem sets, contributions and responses to online discussions, completion of online assignments, portfolio submissions, special projects and/or presentations, creation of authentic products, etc.)<br />", "rank": 3}}, {"pk": 17, "model": "review.reviewquestion", "fields": {"text": "D.", "section": 4, "guide": "D. Opportunities for students to receive feedback about their own performance are provided<br />\r\n&bull; Self-grading assignments are released immediately <br />\r\n&bull; A general feedback mechanism is implemented (e.g., through an announcement tool)<br />\r\n&bull; All assignments have due dates<br />\r\n&bull; Rubrics for all assignments identify assessment guidelines <br />", "rank": 4}}, {"pk": 18, "model": "review.reviewquestion", "fields": {"text": "E.", "section": 4, "guide": "E. Self-assessments and peer feedback<br />\r\n&bull; Self-tests are similar to the final evaluation instruments <br />\r\n&bull; Course includes a tool /section to allow students pose discussion questions and respond to others&rsquo; discussion topics<br />\r\n&bull; Formal (graded) or informal peer-review opportunities are provided <br />", "rank": 5}}, {"pk": 19, "model": "review.reviewquestion", "fields": {"text": "A.", "section": 5, "guide": "A. EXEMPLARY<br />\r\n&bull; Course uses technology tools to facilitate spontaneous synchronous communication (e.g., chat, videoconferencing, instant messaging, etc.)<br />\r\n&bull; Course uses technology tools to facilitate asynchronous interactions (e.g., discussion boards, e-mail, wikis, etc.) <br />\r\n&bull; The purpose of chosen communication tools is specified (e.g., students know when to post to a forum, when to use email, etc.)<br />", "rank": 1}}, {"pk": 20, "model": "review.reviewquestion", "fields": {"text": "B.", "section": 5, "guide": "B. EXEMPLARY <br />\r\n&bull; Course takes advantage of technology to empower students (e.g., students are expected to create an online presence in relation to course content, students are expected to create technology products, etc.)<br />\r\n&bull; The technology tools selected support learning the content (e.g., in a course that involves reading, materials are available in formats that allow text selection and annotations) <br />", "rank": 2}}, {"pk": 21, "model": "review.reviewquestion", "fields": {"text": "C.", "section": 5, "guide": "C. EXEMPLARY<br />\r\n&bull; Multimedia elements (e.g., audio, video, etc.) are distributed in multiple ways (e.g., embedded in course page, through a subscription, etc.)<br />\r\n&bull; Key content presentations are narrated and transcribed<br />\r\n&bull; Multimedia elements clearly help students achieve course goals or objectives<br />\r\n&bull; Multimedia elements are compatible with multiple operating systems <br />", "rank": 3}}, {"pk": 22, "model": "review.reviewquestion", "fields": {"text": "D.", "section": 5, "guide": "D. EXEMPLARY<br />\r\n&bull; All key course readings can be easily located <br />\r\n&bull; All key reading materials are available in downloadable formats<br />\r\n&bull; Every major section of the course includes estimates of the amount of time needed online<br />\r\n&bull; Multimedia content (e.g., audio, video, etc.) is available in downloadable formats if possible<br />", "rank": 4}}, {"pk": 23, "model": "review.reviewquestion", "fields": {"text": "A.", "section": 6, "guide": "A. EXEMPLARY<br />\r\n&bull; The course contains a section (e.g., a discussion thread) where participants can provide guided or spontaneous feedback on course content<br />\r\n&bull; Students are expected to provide feedback at the end of main activities or projects<br />\r\n&bull; The instructor provides opportunities for students to give anonymous feedback <br />\r\n&bull; Student feedback is requested at the end of the course<br />", "rank": 1}}, {"pk": 24, "model": "review.reviewquestion", "fields": {"text": "B.", "section": 6, "guide": "B. EXEMPLARY<br />\r\n&bull; Course contains a mechanism to solicit student feedback regarding technology issues they may encounter (e.g., through a discussion topic in a forum)</p>", "rank": 2}}, {"pk": 25, "model": "review.reviewquestion", "fields": {"text": "C.", "section": 6, "guide": "<p>C. EXEMPLARY<br />\r\n&bull; Course contains an initial needs assessment<br />\r\n&bull; Instructor requires students to participate in a mid-course student/instructor conference </p>", "rank": 3}}, {"pk": 1, "model": "review.reviewquestionoption", "fields": {"answer": false, "text": "Course contains limited information for online learner support and links to campus resources.\r\n", "type": "radio", "rank": 1, "parent": 1}}, {"pk": 2, "model": "review.reviewquestionoption", "fields": {"answer": false, "text": "Course contains adequate information for online learner support and links to campus resources.\r\n", "type": "radio", "rank": 2, "parent": 1}}, {"pk": 3, "model": "review.reviewquestionoption", "fields": {"answer": false, "text": "Course contains extensive information about being an online learner and links to campus resources.\r\n", "type": "radio", "rank": 3, "parent": 1}}, {"pk": 4, "model": "review.reviewquestionoption", "fields": {"answer": false, "text": "Course provides limited course-specific resources, limited contact information for instructor, department, and/or program.\r\n", "type": "radio", "rank": 1, "parent": 2}}, {"pk": 5, "model": "review.reviewquestionoption", "fields": {"answer": false, "text": "Course provides adequate course-specific resources, some contact information for instructor, department, and program.\r\n", "type": "radio", "rank": 2, "parent": 2}}, {"pk": 6, "model": "review.reviewquestionoption", "fields": {"answer": false, "text": "Course provides a variety of course-specific resources, contact information for instructor, department, and program.\r\n", "type": "radio", "rank": 3, "parent": 2}}, {"pk": 7, "model": "review.reviewquestionoption", "fields": {"answer": false, "text": "Course offers limited resources supporting course content and different learning abilities.\r\n", "type": "radio", "rank": 1, "parent": 3}}, {"pk": 8, "model": "review.reviewquestionoption", "fields": {"answer": false, "text": "Course offers access to adequate resources supporting course content and different learning abilities.\r\n", "type": "radio", "rank": 2, "parent": 3}}, {"pk": 9, "model": "review.reviewquestionoption", "fields": {"answer": false, "text": "Course offers access to a wide range of resources supporting course content and different learning abilities.\r\n", "type": "radio", "rank": 3, "parent": 3}}, {"pk": 10, "model": "review.reviewquestionoption", "fields": {"answer": false, "text": "Much of the course is under construction, with some key components identified such as the syllabus.\r\n", "type": "radio", "rank": 1, "parent": 4}}, {"pk": 11, "model": "review.reviewquestionoption", "fields": {"answer": false, "text": "Course is organized and navigable. Students can understand the key components and structure of the course.\r\n", "type": "radio", "rank": 2, "parent": 4}}, {"pk": 12, "model": "review.reviewquestionoption", "fields": {"answer": false, "text": "Course is well-organized and easy to navigate. Students can clearly understand all components and structure of the course.\r\n", "type": "radio", "rank": 3, "parent": 4}}, {"pk": 13, "model": "review.reviewquestionoption", "fields": {"answer": false, "text": "Course syllabus is unclear about what is expected of students.\r\n", "type": "radio", "rank": 1, "parent": 5}}, {"pk": 14, "model": "review.reviewquestionoption", "fields": {"answer": false, "text": "Course syllabus identifies and delineates the role the online environment will play in the course.\r\n", "type": "radio", "rank": 2, "parent": 5}}, {"pk": 15, "model": "review.reviewquestionoption", "fields": {"answer": false, "text": "Course syllabus identifies and clearly delineates the role the online environment will play in the total course.\r\n", "type": "radio", "rank": 3, "parent": 5}}, {"pk": 16, "model": "review.reviewquestionoption", "fields": {"answer": false, "text": "Aesthetic design does not present and communicate course information clearly.\r\n", "type": "radio", "rank": 1, "parent": 6}}, {"pk": 17, "model": "review.reviewquestionoption", "fields": {"answer": false, "text": "Aesthetic design presents and communicates course information clearly.\r\n", "type": "radio", "rank": 2, "parent": 6}}, {"pk": 18, "model": "review.reviewquestionoption", "fields": {"answer": false, "text": "Aesthetic design presents and communicates course information clearly throughout the course.\r\n", "type": "radio", "rank": 3, "parent": 6}}, {"pk": 19, "model": "review.reviewquestionoption", "fields": {"answer": false, "text": "Web pages are inconsistent both visually and functionally.\r\n", "type": "radio", "rank": 1, "parent": 7}}, {"pk": 20, "model": "review.reviewquestionoption", "fields": {"answer": false, "text": "Most web pages are visually and functionally consistent.\r\n", "type": "radio", "rank": 2, "parent": 7}}, {"pk": 21, "model": "review.reviewquestionoption", "fields": {"answer": false, "text": "All web pages are visually and functionally consistent throughout the course.\r\n", "type": "radio", "rank": 3, "parent": 7}}, {"pk": 22, "model": "review.reviewquestionoption", "fields": {"answer": false, "text": "Accessibility issues are not addressed. (Including: sight mobility, hearing, cognition, ESL, and technical.)\r\n", "type": "radio", "rank": 1, "parent": 8}}, {"pk": 23, "model": "review.reviewquestionoption", "fields": {"answer": false, "text": "Accessibility issues are briefly addressed. (Including: sight, hearing, cognition, ESL, and technical.)\r\n", "type": "radio", "rank": 2, "parent": 8}}, {"pk": 24, "model": "review.reviewquestionoption", "fields": {"answer": false, "text": "Accessibility issues are addressed throughout the course. (Including: sight, mobility, hearing, cognition, ESL, and technical.)\r\n", "type": "radio", "rank": 3, "parent": 8}}, {"pk": 25, "model": "review.reviewquestionoption", "fields": {"answer": false, "text": "Course offers limited opportunity for interaction and communication student to student, student to instructor and student to content.\r\n", "type": "radio", "rank": 1, "parent": 9}}, {"pk": 26, "model": "review.reviewquestionoption", "fields": {"answer": false, "text": "Course offers adequate opportunities for interaction and communication student to student, student to instructor and student to content.\r\n", "type": "radio", "rank": 2, "parent": 9}}, {"pk": 27, "model": "review.reviewquestionoption", "fields": {"answer": false, "text": "Course offers ample opportunities for interaction and communication student to student, student to instructor and student to content.\r\n", "type": "radio", "rank": 3, "parent": 9}}, {"pk": 28, "model": "review.reviewquestionoption", "fields": {"answer": false, "text": "Course goals are not clearly defined and do not align to learning objectives\r\n", "type": "radio", "rank": 1, "parent": 10}}, {"pk": 29, "model": "review.reviewquestionoption", "fields": {"answer": false, "text": "Course goals are adequately defined but may not align to learning objectives.\r\n", "type": "radio", "rank": 2, "parent": 10}}, {"pk": 30, "model": "review.reviewquestionoption", "fields": {"answer": false, "text": "Course goals are clearly defined and align to learning objectives.\r\n", "type": "radio", "rank": 3, "parent": 10}}, {"pk": 31, "model": "review.reviewquestionoption", "fields": {"answer": false, "text": "Learning objectives are vague or incomplete and learning activities are absent or unclear.\r\n", "type": "radio", "rank": 1, "parent": 11}}, {"pk": 32, "model": "review.reviewquestionoption", "fields": {"answer": false, "text": "Learning objectives are identified and learning activities are implied.\r\n", "type": "radio", "rank": 2, "parent": 11}}, {"pk": 33, "model": "review.reviewquestionoption", "fields": {"answer": false, "text": "Learning objectives are identified and learning activities are clearly integrated.\r\n", "type": "radio", "rank": 3, "parent": 11}}, {"pk": 34, "model": "review.reviewquestionoption", "fields": {"answer": false, "text": "Course provides limited visual, textual, kinesthetic and/or auditory activities to enhance student learning and accessibility.\r\n", "type": "radio", "rank": 1, "parent": 12}}, {"pk": 35, "model": "review.reviewquestionoption", "fields": {"answer": false, "text": "Course provides adequate visual, textual, kinesthetic and/or auditory activities to enhance student learning and accessibility.\r\n", "type": "radio", "rank": 2, "parent": 12}}, {"pk": 36, "model": "review.reviewquestionoption", "fields": {"answer": false, "text": "Course provides multiple visual, textual, kinesthetic and/or auditory activities to enhance student learning and accessibility.\r\n", "type": "radio", "rank": 3, "parent": 12}}, {"pk": 37, "model": "review.reviewquestionoption", "fields": {"answer": false, "text": "Course provides limited activities to help students develop critical thinking and/or problem-solving skills.\r\n", "type": "radio", "rank": 1, "parent": 13}}, {"pk": 38, "model": "review.reviewquestionoption", "fields": {"answer": false, "text": "Course provides adequate activities to help students develop critical thinking and/or problem-solving skills.\r\n", "type": "radio", "rank": 2, "parent": 13}}, {"pk": 39, "model": "review.reviewquestionoption", "fields": {"answer": false, "text": "Course provides multiple activities that help students develop critical thinking and problem-solving skills.\r\n", "type": "radio", "rank": 3, "parent": 13}}, {"pk": 40, "model": "review.reviewquestionoption", "fields": {"answer": false, "text": "Course has limited activities to assess student readiness for course content and mode of delivery.\r\n", "type": "radio", "rank": 1, "parent": 14}}, {"pk": 41, "model": "review.reviewquestionoption", "fields": {"answer": false, "text": "Course has adequate activities to assess student readiness for course content and mode of delivery.\r\n", "type": "radio", "rank": 2, "parent": 14}}, {"pk": 42, "model": "review.reviewquestionoption", "fields": {"answer": false, "text": "Course has multiple timely and appropriate activities to assess student readiness for course content and mode of delivery.\r\n", "type": "radio", "rank": 3, "parent": 14}}, {"pk": 43, "model": "review.reviewquestionoption", "fields": {"answer": false, "text": "Learning objectives, instructional and assessment activities are not aligned.\r\n", "type": "radio", "rank": 1, "parent": 15}}, {"pk": 44, "model": "review.reviewquestionoption", "fields": {"answer": false, "text": "Learning objectives, instructional and assessment activities are aligned.\r\n", "type": "radio", "rank": 2, "parent": 15}}, {"pk": 45, "model": "review.reviewquestionoption", "fields": {"answer": false, "text": "Learning objectives, instructional and assessment activities are closely aligned.\r\n", "type": "radio", "rank": 3, "parent": 15}}, {"pk": 46, "model": "review.reviewquestionoption", "fields": {"answer": false, "text": "Assessment strategies are limited in use to measure content knowledge, attitudes and skills.\r\n", "type": "radio", "rank": 1, "parent": 16}}, {"pk": 47, "model": "review.reviewquestionoption", "fields": {"answer": false, "text": "Ongoing strategies are used to measure content knowledge, attitudes and skills.\r\n", "type": "radio", "rank": 2, "parent": 16}}, {"pk": 48, "model": "review.reviewquestionoption", "fields": {"answer": false, "text": "Ongoing multiple assessment strategies are used to measure content knowledge, attitudes, and skills.\r\n", "type": "radio", "rank": 3, "parent": 16}}, {"pk": 49, "model": "review.reviewquestionoption", "fields": {"answer": false, "text": "Opportunities for students to receive feedback about their own performance are infrequent and sporadic.\r\n", "type": "radio", "rank": 1, "parent": 17}}, {"pk": 50, "model": "review.reviewquestionoption", "fields": {"answer": false, "text": "Opportunities for students to receive feedback about their own performance are provided.\r\n", "type": "radio", "rank": 2, "parent": 17}}, {"pk": 51, "model": "review.reviewquestionoption", "fields": {"answer": false, "text": "Regular feedback about student performance is provided in a timely manner throughout the course.\r\n", "type": "radio", "rank": 3, "parent": 17}}, {"pk": 52, "model": "review.reviewquestionoption", "fields": {"answer": false, "text": "Students' self-assessments and/or peer feedback opportunities are limited.\r\n", "type": "radio", "rank": 1, "parent": 18}}, {"pk": 53, "model": "review.reviewquestionoption", "fields": {"answer": false, "text": "Students' self-assessments and/or peer feedback opportunities exist.\r\n", "type": "radio", "rank": 2, "parent": 18}}, {"pk": 54, "model": "review.reviewquestionoption", "fields": {"answer": false, "text": "Students' self-assessments and/or peer feedback opportunities exist throughout the course.\r\n", "type": "radio", "rank": 3, "parent": 18}}, {"pk": 55, "model": "review.reviewquestionoption", "fields": {"answer": false, "text": "Course uses limited technology tools to facilitate communication and learning.\r\n", "type": "radio", "rank": 1, "parent": 19}}, {"pk": 56, "model": "review.reviewquestionoption", "fields": {"answer": false, "text": "Course uses adequate technology tools to facilitate communication and learning.\r\n", "type": "radio", "rank": 2, "parent": 19}}, {"pk": 57, "model": "review.reviewquestionoption", "fields": {"answer": false, "text": "Course uses a variety of technology tools to appropriately facilitate communication and learning.\r\n", "type": "radio", "rank": 3, "parent": 19}}, {"pk": 58, "model": "review.reviewquestionoption", "fields": {"answer": false, "text": "New teaching methods applied to enhance student learning are limited.\r\n", "type": "radio", "rank": 1, "parent": 20}}, {"pk": 59, "model": "review.reviewquestionoption", "fields": {"answer": false, "text": "New teaching methods are adequately applied to innovatively enhance student learning.\r\n", "type": "radio", "rank": 2, "parent": 20}}, {"pk": 60, "model": "review.reviewquestionoption", "fields": {"answer": false, "text": "New teaching methods are applied to innovatively enhance student learning, and interactively engage students.\r\n", "type": "radio", "rank": 3, "parent": 20}}, {"pk": 61, "model": "review.reviewquestionoption", "fields": {"answer": false, "text": "There are limited multimedia elements and/or learning objects for accommodating different learning styles.\r\n", "type": "radio", "rank": 1, "parent": 21}}, {"pk": 62, "model": "review.reviewquestionoption", "fields": {"answer": false, "text": "Multimedia elements and/or learning objects are used and are relevant to accommodate different learning styles.\r\n", "type": "radio", "rank": 2, "parent": 21}}, {"pk": 63, "model": "review.reviewquestionoption", "fields": {"answer": false, "text": "A variety of multimedia elements and/or learning objects are used and are relevant to accommodate different learning styles throughout the course.\r\n", "type": "radio", "rank": 3, "parent": 21}}, {"pk": 64, "model": "review.reviewquestionoption", "fields": {"answer": false, "text": "Course uses Internet access and engages students in the learning process in a very limited way.\r\n", "type": "radio", "rank": 1, "parent": 22}}, {"pk": 65, "model": "review.reviewquestionoption", "fields": {"answer": false, "text": "Course optimizes Internet access and effectively engages students in the learning process.\r\n", "type": "radio", "rank": 2, "parent": 22}}, {"pk": 66, "model": "review.reviewquestionoption", "fields": {"answer": false, "text": "Course optimizes Internet access and effectively engages students in the learning process in a variety of ways throughout the course.\r\n", "type": "radio", "rank": 3, "parent": 22}}, {"pk": 67, "model": "review.reviewquestionoption", "fields": {"answer": false, "text": "Instructor offers limited opportunity for students to give feedback to faculty on course content.\r\n", "type": "radio", "rank": 1, "parent": 23}}, {"pk": 68, "model": "review.reviewquestionoption", "fields": {"answer": false, "text": "Instructor offers adequate opportunities for students to give feedback on course content.\r\n", "type": "radio", "rank": 2, "parent": 23}}, {"pk": 69, "model": "review.reviewquestionoption", "fields": {"answer": false, "text": "Instructor offers multiple opportunities for students to give feedback on course content.\r\n", "type": "radio", "rank": 3, "parent": 23}}, {"pk": 70, "model": "review.reviewquestionoption", "fields": {"answer": false, "text": "Instructor offers limited opportunity for students to give feedback on ease of online technology and accessibility of the course.\r\n", "type": "radio", "rank": 1, "parent": 24}}, {"pk": 71, "model": "review.reviewquestionoption", "fields": {"answer": false, "text": "Instructor offers adequate opportunities for students to give feedback on ease of online technology and accessibility of the course.\r\n", "type": "radio", "rank": 2, "parent": 24}}, {"pk": 72, "model": "review.reviewquestionoption", "fields": {"answer": false, "text": "Instructor offers multiple opportunities for students to give feedback on ease of online technology and accessibility of the course\r\n", "type": "radio", "rank": 3, "parent": 24}}, {"pk": 73, "model": "review.reviewquestionoption", "fields": {"answer": false, "text": "Instructor uses student feedback to help plan instruction and assessment of student learning for the next semester in a limited way.\r\n", "type": "radio", "rank": 1, "parent": 25}}, {"pk": 74, "model": "review.reviewquestionoption", "fields": {"answer": false, "text": "Instructor requests and uses student feedback a couple of times during the semester to help plan instruction and assessment of student learning for the rest of the semester.\r\n", "type": "radio", "rank": 2, "parent": 25}}, {"pk": 75, "model": "review.reviewquestionoption", "fields": {"answer": false, "text": "Instructor uses formal and informal student feedback in an ongoing basis to help plan instruction and assessment of student learning throughout the semester.\r\n", "type": "radio", "rank": 3, "parent": 25}}, {"pk": 1, "model": "review.review", "fields": {"startdate": "2013-10-11", "siteurl": "http://clt.manoa.hawaii.edu/", "coursetitle": "CLT REVIEW DEMO", "reviewers": [3], "coursedesc": "", "instructors": [1, 5], "siteinfo": "", "accesscode": "calicoforever", "survey": 1, "presurv": 1, "completed": "2013-10-14"}}, {"pk": 2, "model": "review.review", "fields": {"startdate": null, "siteurl": "https://llc.manoa.hawaii.edu/", "coursetitle": "Argumentative Writing (Spring 2014)", "reviewers": [5, 9, 10], "coursedesc": "", "instructors": [9, 12], "siteinfo": "", "accesscode": "english306", "survey": 1, "presurv": 1, "completed": "2013-10-14"}}, {"pk": 3, "model": "review.review", "fields": {"startdate": null, "siteurl": "https://llc.manoa.hawaii.edu/", "coursetitle": "Composition 1 (Spring 2014)", "reviewers": [5, 9, 10], "coursedesc": "", "instructors": [13], "siteinfo": "", "accesscode": "english100", "survey": 1, "presurv": 1, "completed": null}}, {"pk": 4, "model": "review.review", "fields": {"startdate": null, "siteurl": "http://www.yourcompclass.com/", "coursetitle": "Literature & History: Scandolous! (Spring 2014)", "reviewers": [5, 10], "coursedesc": "LMS is the siteurl", "instructors": [14], "siteinfo": "", "accesscode": "english270", "survey": 1, "presurv": 1, "completed": null}}, {"pk": 5, "model": "review.review", "fields": {"startdate": "2014-01-30", "siteurl": "http://oyc.yale.edu/english/engl-300#overview", "coursetitle": "Introduction to Theory of Literature", "reviewers": [4, 5, 7, 10, 17, 22], "coursedesc": "Open Yale Course", "instructors": [10], "siteinfo": "Example for course review", "accesscode": "literature101", "survey": 1, "presurv": 1, "completed": "2014-05-01"}}, {"pk": 6, "model": "review.review", "fields": {"startdate": "2014-01-30", "siteurl": "http://www.open.edu/openlearn/languages/german/rundblick-beginners-german/content-section-0", "coursetitle": "Rundblick: beginners' German", "reviewers": [1, 3, 5, 10, 18, 19], "coursedesc": "Example from The Open University", "instructors": [10], "siteinfo": "", "accesscode": "german1basic", "survey": 1, "presurv": 1, "completed": "2014-05-01"}}, {"pk": 7, "model": "review.review", "fields": {"startdate": "2014-01-30", "siteurl": "http://ocw.mit.edu/courses/foreign-languages-and-literatures/21f-101-chinese-i-regular-spring-2006/", "coursetitle": "Chinese I", "reviewers": [3, 4, 5, 7, 10, 15, 16, 20, 21], "coursedesc": "MIT Open Course", "instructors": [10], "siteinfo": "Dr. Julian K. Wheatley", "accesscode": "chinese1basic", "survey": 1, "presurv": 1, "completed": "2014-05-01"}}, {"pk": 8, "model": "review.review", "fields": {"startdate": "2014-02-13", "siteurl": "https://p2pu.org/en/courses/632/copyright-4-educators-aus/", "coursetitle": "Copyright 4 Educators", "reviewers": [10], "coursedesc": "P2PU Course", "instructors": [10], "siteinfo": "", "accesscode": "copyright4edu", "survey": 1, "presurv": 1, "completed": "2014-05-01"}}, {"pk": 9, "model": "review.review", "fields": {"startdate": "2014-02-13", "siteurl": "https://p2pu.org/en/courses/77/designing-collaborative-workshops/", "coursetitle": "Designing Collaborative Workshops", "reviewers": [3, 4, 5, 7, 10, 15, 16, 17, 18, 19, 20, 21, 22], "coursedesc": "", "instructors": [5], "siteinfo": "", "accesscode": "designcollaborative", "survey": 1, "presurv": 1, "completed": "2014-05-01"}}, {"pk": 10, "model": "review.review", "fields": {"startdate": null, "siteurl": "https://laulima.hawaii.edu/portal/site/MAN.92158.201340", "coursetitle": "Spanish Cultural Perspectives", "reviewers": [5, 7, 10], "coursedesc": "", "instructors": [28], "siteinfo": "", "accesscode": "", "survey": 1, "presurv": 1, "completed": null}}, {"pk": 1, "model": "review.reviewresponse", "fields": {"review": 2, "lastactivity": "18:55:58", "question": 1, "user": 10, "response": 1}}, {"pk": 2, "model": "review.reviewresponse", "fields": {"review": 2, "lastactivity": "18:55:59", "question": 2, "user": 10, "response": 2}}, {"pk": 3, "model": "review.reviewresponse", "fields": {"review": 2, "lastactivity": "18:56:07", "question": 3, "user": 10, "response": 3}}, {"pk": 7, "model": "review.reviewresponse", "fields": {"review": 1, "lastactivity": "19:00:07", "question": 2, "user": 3, "response": 2}}, {"pk": 8, "model": "review.reviewresponse", "fields": {"review": 1, "lastactivity": "19:00:09", "question": 3, "user": 3, "response": 2}}, {"pk": 9, "model": "review.reviewresponse", "fields": {"review": 1, "lastactivity": "19:00:12", "question": 4, "user": 3, "response": 2}}, {"pk": 10, "model": "review.reviewresponse", "fields": {"review": 1, "lastactivity": "19:00:13", "question": 5, "user": 3, "response": 3}}, {"pk": 11, "model": "review.reviewresponse", "fields": {"review": 1, "lastactivity": "19:00:14", "question": 6, "user": 3, "response": 2}}, {"pk": 12, "model": "review.reviewresponse", "fields": {"review": 1, "lastactivity": "19:00:15", "question": 7, "user": 3, "response": 2}}, {"pk": 13, "model": "review.reviewresponse", "fields": {"review": 1, "lastactivity": "19:00:16", "question": 8, "user": 3, "response": 2}}, {"pk": 14, "model": "review.reviewresponse", "fields": {"review": 1, "lastactivity": "19:00:21", "question": 9, "user": 3, "response": 2}}, {"pk": 15, "model": "review.reviewresponse", "fields": {"review": 1, "lastactivity": "19:00:21", "question": 10, "user": 3, "response": 1}}, {"pk": 16, "model": "review.reviewresponse", "fields": {"review": 1, "lastactivity": "19:00:22", "question": 11, "user": 3, "response": 1}}, {"pk": 17, "model": "review.reviewresponse", "fields": {"review": 1, "lastactivity": "19:00:24", "question": 12, "user": 3, "response": 1}}, {"pk": 18, "model": "review.reviewresponse", "fields": {"review": 1, "lastactivity": "19:00:25", "question": 13, "user": 3, "response": 3}}, {"pk": 19, "model": "review.reviewresponse", "fields": {"review": 1, "lastactivity": "19:00:34", "question": 14, "user": 3, "response": 1}}, {"pk": 20, "model": "review.reviewresponse", "fields": {"review": 1, "lastactivity": "19:00:35", "question": 15, "user": 3, "response": 3}}, {"pk": 21, "model": "review.reviewresponse", "fields": {"review": 1, "lastactivity": "19:00:36", "question": 16, "user": 3, "response": 3}}, {"pk": 22, "model": "review.reviewresponse", "fields": {"review": 1, "lastactivity": "19:00:37", "question": 17, "user": 3, "response": 3}}, {"pk": 23, "model": "review.reviewresponse", "fields": {"review": 1, "lastactivity": "19:00:37", "question": 18, "user": 3, "response": 3}}, {"pk": 24, "model": "review.reviewresponse", "fields": {"review": 1, "lastactivity": "19:00:47", "question": 19, "user": 3, "response": 3}}, {"pk": 25, "model": "review.reviewresponse", "fields": {"review": 1, "lastactivity": "19:00:48", "question": 20, "user": 3, "response": 2}}, {"pk": 26, "model": "review.reviewresponse", "fields": {"review": 1, "lastactivity": "19:00:48", "question": 21, "user": 3, "response": 1}}, {"pk": 27, "model": "review.reviewresponse", "fields": {"review": 1, "lastactivity": "19:00:49", "question": 22, "user": 3, "response": 2}}, {"pk": 28, "model": "review.reviewresponse", "fields": {"review": 1, "lastactivity": "19:00:55", "question": 23, "user": 3, "response": 1}}, {"pk": 29, "model": "review.reviewresponse", "fields": {"review": 1, "lastactivity": "19:00:56", "question": 24, "user": 3, "response": 2}}, {"pk": 30, "model": "review.reviewresponse", "fields": {"review": 1, "lastactivity": "19:00:57", "question": 25, "user": 3, "response": 3}}, {"pk": 31, "model": "review.reviewresponse", "fields": {"review": 1, "lastactivity": "19:02:41", "question": 1, "user": 1, "response": 1}}, {"pk": 32, "model": "review.reviewresponse", "fields": {"review": 1, "lastactivity": "19:02:43", "question": 2, "user": 1, "response": 2}}, {"pk": 33, "model": "review.reviewresponse", "fields": {"review": 1, "lastactivity": "19:02:43", "question": 3, "user": 1, "response": 3}}, {"pk": 34, "model": "review.reviewresponse", "fields": {"review": 1, "lastactivity": "19:02:47", "question": 4, "user": 1, "response": 2}}, {"pk": 35, "model": "review.reviewresponse", "fields": {"review": 1, "lastactivity": "19:02:47", "question": 5, "user": 1, "response": 1}}, {"pk": 36, "model": "review.reviewresponse", "fields": {"review": 1, "lastactivity": "19:02:49", "question": 6, "user": 1, "response": 2}}, {"pk": 37, "model": "review.reviewresponse", "fields": {"review": 1, "lastactivity": "19:02:49", "question": 7, "user": 1, "response": 2}}, {"pk": 38, "model": "review.reviewresponse", "fields": {"review": 1, "lastactivity": "19:02:50", "question": 8, "user": 1, "response": 2}}, {"pk": 39, "model": "review.reviewresponse", "fields": {"review": 1, "lastactivity": "19:02:54", "question": 9, "user": 1, "response": 2}}, {"pk": 40, "model": "review.reviewresponse", "fields": {"review": 1, "lastactivity": "19:02:55", "question": 10, "user": 1, "response": 3}}, {"pk": 41, "model": "review.reviewresponse", "fields": {"review": 1, "lastactivity": "19:02:57", "question": 14, "user": 1, "response": 1}}, {"pk": 42, "model": "review.reviewresponse", "fields": {"review": 1, "lastactivity": "19:02:58", "question": 15, "user": 1, "response": 2}}, {"pk": 43, "model": "review.reviewresponse", "fields": {"review": 1, "lastactivity": "19:02:59", "question": 16, "user": 1, "response": 2}}, {"pk": 44, "model": "review.reviewresponse", "fields": {"review": 1, "lastactivity": "19:03:00", "question": 17, "user": 1, "response": 1}}, {"pk": 45, "model": "review.reviewresponse", "fields": {"review": 1, "lastactivity": "19:03:01", "question": 18, "user": 1, "response": 2}}, {"pk": 46, "model": "review.reviewresponse", "fields": {"review": 1, "lastactivity": "19:03:04", "question": 19, "user": 1, "response": 2}}, {"pk": 47, "model": "review.reviewresponse", "fields": {"review": 1, "lastactivity": "19:03:06", "question": 20, "user": 1, "response": 1}}, {"pk": 48, "model": "review.reviewresponse", "fields": {"review": 1, "lastactivity": "19:03:07", "question": 21, "user": 1, "response": 2}}, {"pk": 49, "model": "review.reviewresponse", "fields": {"review": 1, "lastactivity": "19:03:08", "question": 22, "user": 1, "response": 3}}, {"pk": 50, "model": "review.reviewresponse", "fields": {"review": 1, "lastactivity": "19:03:13", "question": 23, "user": 1, "response": 1}}, {"pk": 51, "model": "review.reviewresponse", "fields": {"review": 1, "lastactivity": "19:03:13", "question": 24, "user": 1, "response": 2}}, {"pk": 52, "model": "review.reviewresponse", "fields": {"review": 1, "lastactivity": "19:03:14", "question": 25, "user": 1, "response": 3}}, {"pk": 53, "model": "review.reviewresponse", "fields": {"review": 1, "lastactivity": "19:03:28", "question": 11, "user": 1, "response": 1}}, {"pk": 54, "model": "review.reviewresponse", "fields": {"review": 1, "lastactivity": "19:03:29", "question": 12, "user": 1, "response": 2}}, {"pk": 55, "model": "review.reviewresponse", "fields": {"review": 1, "lastactivity": "19:03:29", "question": 13, "user": 1, "response": 2}}, {"pk": 56, "model": "review.reviewresponse", "fields": {"review": 1, "lastactivity": "22:28:02", "question": 1, "user": 5, "response": 2}}, {"pk": 57, "model": "review.reviewresponse", "fields": {"review": 1, "lastactivity": "22:27:36", "question": 2, "user": 5, "response": 2}}, {"pk": 58, "model": "review.reviewresponse", "fields": {"review": 1, "lastactivity": "22:27:37", "question": 3, "user": 5, "response": 3}}, {"pk": 59, "model": "review.reviewresponse", "fields": {"review": 1, "lastactivity": "22:27:43", "question": 4, "user": 5, "response": 1}}, {"pk": 60, "model": "review.reviewresponse", "fields": {"review": 1, "lastactivity": "22:27:44", "question": 5, "user": 5, "response": 2}}, {"pk": 61, "model": "review.reviewresponse", "fields": {"review": 2, "lastactivity": "22:28:29", "question": 1, "user": 5, "response": 2}}, {"pk": 62, "model": "review.reviewresponse", "fields": {"review": 2, "lastactivity": "22:28:31", "question": 2, "user": 5, "response": 1}}, {"pk": 63, "model": "review.reviewresponse", "fields": {"review": 2, "lastactivity": "22:28:32", "question": 3, "user": 5, "response": 3}}, {"pk": 64, "model": "review.reviewresponse", "fields": {"review": 2, "lastactivity": "22:28:36", "question": 4, "user": 5, "response": 1}}, {"pk": 65, "model": "review.reviewresponse", "fields": {"review": 2, "lastactivity": "22:28:36", "question": 5, "user": 5, "response": 2}}, {"pk": 66, "model": "review.reviewresponse", "fields": {"review": 2, "lastactivity": "22:28:37", "question": 6, "user": 5, "response": 3}}, {"pk": 69, "model": "review.reviewresponse", "fields": {"review": 2, "lastactivity": "21:44:32", "question": 5, "user": 9, "response": 2}}, {"pk": 70, "model": "review.reviewresponse", "fields": {"review": 2, "lastactivity": "22:35:25", "question": 7, "user": 9, "response": 2}}, {"pk": 72, "model": "review.reviewresponse", "fields": {"review": 2, "lastactivity": "06:18:16", "question": 2, "user": 9, "response": 3}}, {"pk": 73, "model": "review.reviewresponse", "fields": {"review": 3, "lastactivity": "23:33:56", "question": 1, "user": 9, "response": 1}}, {"pk": 74, "model": "review.reviewresponse", "fields": {"review": 3, "lastactivity": "23:33:58", "question": 2, "user": 9, "response": 2}}, {"pk": 75, "model": "review.reviewresponse", "fields": {"review": 2, "lastactivity": "21:44:34", "question": 6, "user": 9, "response": 1}}, {"pk": 76, "model": "review.reviewresponse", "fields": {"review": 2, "lastactivity": "04:44:52", "question": 8, "user": 9, "response": 1}}, {"pk": 77, "model": "review.reviewresponse", "fields": {"review": 2, "lastactivity": "05:20:45", "question": 4, "user": 9, "response": 3}}, {"pk": 78, "model": "review.reviewresponse", "fields": {"review": 2, "lastactivity": "23:16:04", "question": 9, "user": 9, "response": 3}}, {"pk": 79, "model": "review.reviewresponse", "fields": {"review": 2, "lastactivity": "23:25:28", "question": 10, "user": 9, "response": 3}}, {"pk": 80, "model": "review.reviewresponse", "fields": {"review": 2, "lastactivity": "23:25:28", "question": 11, "user": 9, "response": 2}}, {"pk": 81, "model": "review.reviewresponse", "fields": {"review": 2, "lastactivity": "15:14:22", "question": 12, "user": 9, "response": 1}}, {"pk": 82, "model": "review.reviewresponse", "fields": {"review": 2, "lastactivity": "23:25:29", "question": 13, "user": 9, "response": 3}}, {"pk": 84, "model": "review.reviewresponse", "fields": {"review": 2, "lastactivity": "23:25:32", "question": 15, "user": 9, "response": 2}}, {"pk": 85, "model": "review.reviewresponse", "fields": {"review": 2, "lastactivity": "23:25:33", "question": 16, "user": 9, "response": 1}}, {"pk": 86, "model": "review.reviewresponse", "fields": {"review": 2, "lastactivity": "23:25:34", "question": 17, "user": 9, "response": 2}}, {"pk": 87, "model": "review.reviewresponse", "fields": {"review": 2, "lastactivity": "23:25:34", "question": 18, "user": 9, "response": 3}}, {"pk": 88, "model": "review.reviewresponse", "fields": {"review": 2, "lastactivity": "23:25:37", "question": 19, "user": 9, "response": 3}}, {"pk": 89, "model": "review.reviewresponse", "fields": {"review": 2, "lastactivity": "23:25:38", "question": 20, "user": 9, "response": 1}}, {"pk": 90, "model": "review.reviewresponse", "fields": {"review": 2, "lastactivity": "23:25:38", "question": 21, "user": 9, "response": 2}}, {"pk": 91, "model": "review.reviewresponse", "fields": {"review": 2, "lastactivity": "23:25:38", "question": 22, "user": 9, "response": 3}}, {"pk": 92, "model": "review.reviewresponse", "fields": {"review": 2, "lastactivity": "23:25:41", "question": 23, "user": 9, "response": 1}}, {"pk": 93, "model": "review.reviewresponse", "fields": {"review": 2, "lastactivity": "23:25:42", "question": 24, "user": 9, "response": 3}}, {"pk": 94, "model": "review.reviewresponse", "fields": {"review": 2, "lastactivity": "23:25:43", "question": 25, "user": 9, "response": 3}}, {"pk": 95, "model": "review.reviewresponse", "fields": {"review": 2, "lastactivity": "22:03:19", "question": 3, "user": 9, "response": 1}}, {"pk": 96, "model": "review.reviewresponse", "fields": {"review": 1, "lastactivity": "00:34:23", "question": 23, "user": 5, "response": 2}}, {"pk": 97, "model": "review.reviewresponse", "fields": {"review": 1, "lastactivity": "00:34:25", "question": 24, "user": 5, "response": 1}}, {"pk": 101, "model": "review.reviewresponse", "fields": {"review": 5, "lastactivity": "21:42:46", "question": 4, "user": 5, "response": 2}}, {"pk": 102, "model": "review.reviewresponse", "fields": {"review": 5, "lastactivity": "21:42:47", "question": 5, "user": 5, "response": 3}}, {"pk": 107, "model": "review.reviewresponse", "fields": {"review": 9, "lastactivity": "02:11:09", "question": 2, "user": 17, "response": 1}}, {"pk": 119, "model": "review.reviewresponse", "fields": {"review": 9, "lastactivity": "02:12:15", "question": 1, "user": 19, "response": 2}}, {"pk": 121, "model": "review.reviewresponse", "fields": {"review": 9, "lastactivity": "02:12:24", "question": 14, "user": 5, "response": 2}}, {"pk": 122, "model": "review.reviewresponse", "fields": {"review": 9, "lastactivity": "02:12:24", "question": 15, "user": 5, "response": 3}}, {"pk": 126, "model": "review.reviewresponse", "fields": {"review": 9, "lastactivity": "02:17:35", "question": 5, "user": 5, "response": 3}}, {"pk": 127, "model": "review.reviewresponse", "fields": {"review": 9, "lastactivity": "02:17:42", "question": 9, "user": 5, "response": 2}}, {"pk": 128, "model": "review.reviewresponse", "fields": {"review": 9, "lastactivity": "20:06:15", "question": 6, "user": 5, "response": 1}}, {"pk": 129, "model": "review.reviewresponse", "fields": {"review": 2, "lastactivity": "21:44:45", "question": 14, "user": 9, "response": 3}}, {"pk": 130, "model": "review.reviewresponse", "fields": {"review": 3, "lastactivity": "21:45:41", "question": 3, "user": 9, "response": 3}}, {"pk": 131, "model": "review.reviewresponse", "fields": {"review": 3, "lastactivity": "21:45:47", "question": 23, "user": 9, "response": 1}}, {"pk": 132, "model": "review.reviewresponse", "fields": {"review": 3, "lastactivity": "21:45:48", "question": 24, "user": 9, "response": 2}}, {"pk": 133, "model": "review.reviewresponse", "fields": {"review": 3, "lastactivity": "21:45:50", "question": 25, "user": 9, "response": 1}}, {"pk": 138, "model": "review.reviewresponse", "fields": {"review": 6, "lastactivity": "19:38:37", "question": 1, "user": 18, "response": 1}}, {"pk": 139, "model": "review.reviewresponse", "fields": {"review": 6, "lastactivity": "19:39:03", "question": 4, "user": 18, "response": 1}}, {"pk": 140, "model": "review.reviewresponse", "fields": {"review": 6, "lastactivity": "19:39:11", "question": 5, "user": 18, "response": 2}}, {"pk": 141, "model": "review.reviewresponse", "fields": {"review": 6, "lastactivity": "19:39:20", "question": 6, "user": 18, "response": 3}}, {"pk": 142, "model": "review.reviewresponse", "fields": {"review": 6, "lastactivity": "19:39:29", "question": 7, "user": 18, "response": 3}}, {"pk": 143, "model": "review.reviewresponse", "fields": {"review": 6, "lastactivity": "19:39:41", "question": 8, "user": 18, "response": 1}}, {"pk": 144, "model": "review.reviewresponse", "fields": {"review": 6, "lastactivity": "19:40:09", "question": 9, "user": 18, "response": 1}}, {"pk": 145, "model": "review.reviewresponse", "fields": {"review": 6, "lastactivity": "19:40:38", "question": 10, "user": 18, "response": 3}}, {"pk": 146, "model": "review.reviewresponse", "fields": {"review": 6, "lastactivity": "19:40:48", "question": 11, "user": 18, "response": 3}}, {"pk": 147, "model": "review.reviewresponse", "fields": {"review": 6, "lastactivity": "19:40:54", "question": 12, "user": 18, "response": 2}}, {"pk": 148, "model": "review.reviewresponse", "fields": {"review": 6, "lastactivity": "19:41:03", "question": 13, "user": 18, "response": 2}}, {"pk": 149, "model": "review.reviewresponse", "fields": {"review": 6, "lastactivity": "19:41:22", "question": 19, "user": 18, "response": 2}}, {"pk": 150, "model": "review.reviewresponse", "fields": {"review": 6, "lastactivity": "19:41:27", "question": 20, "user": 18, "response": 1}}, {"pk": 151, "model": "review.reviewresponse", "fields": {"review": 6, "lastactivity": "19:41:35", "question": 21, "user": 18, "response": 2}}, {"pk": 152, "model": "review.reviewresponse", "fields": {"review": 6, "lastactivity": "19:41:43", "question": 22, "user": 18, "response": 1}}, {"pk": 153, "model": "review.reviewresponse", "fields": {"review": 7, "lastactivity": "00:46:01", "question": 1, "user": 15, "response": 1}}, {"pk": 154, "model": "review.reviewresponse", "fields": {"review": 7, "lastactivity": "00:46:59", "question": 2, "user": 15, "response": 1}}, {"pk": 155, "model": "review.reviewresponse", "fields": {"review": 7, "lastactivity": "00:47:28", "question": 3, "user": 15, "response": 1}}, {"pk": 156, "model": "review.reviewresponse", "fields": {"review": 7, "lastactivity": "00:49:53", "question": 5, "user": 15, "response": 1}}, {"pk": 157, "model": "review.reviewresponse", "fields": {"review": 7, "lastactivity": "00:49:56", "question": 4, "user": 15, "response": 2}}, {"pk": 158, "model": "review.reviewresponse", "fields": {"review": 7, "lastactivity": "00:50:17", "question": 7, "user": 15, "response": 2}}, {"pk": 159, "model": "review.reviewresponse", "fields": {"review": 7, "lastactivity": "00:50:23", "question": 8, "user": 15, "response": 1}}, {"pk": 160, "model": "review.reviewresponse", "fields": {"review": 7, "lastactivity": "00:50:36", "question": 6, "user": 15, "response": 1}}, {"pk": 161, "model": "review.reviewresponse", "fields": {"review": 7, "lastactivity": "00:56:45", "question": 9, "user": 15, "response": 1}}, {"pk": 162, "model": "review.reviewresponse", "fields": {"review": 7, "lastactivity": "00:56:46", "question": 10, "user": 15, "response": 1}}, {"pk": 163, "model": "review.reviewresponse", "fields": {"review": 7, "lastactivity": "00:56:49", "question": 11, "user": 15, "response": 1}}, {"pk": 164, "model": "review.reviewresponse", "fields": {"review": 7, "lastactivity": "00:56:53", "question": 12, "user": 15, "response": 1}}, {"pk": 165, "model": "review.reviewresponse", "fields": {"review": 7, "lastactivity": "00:56:55", "question": 13, "user": 15, "response": 1}}, {"pk": 166, "model": "review.reviewresponse", "fields": {"review": 7, "lastactivity": "01:05:46", "question": 14, "user": 15, "response": 1}}, {"pk": 167, "model": "review.reviewresponse", "fields": {"review": 7, "lastactivity": "01:06:35", "question": 15, "user": 15, "response": 1}}, {"pk": 168, "model": "review.reviewresponse", "fields": {"review": 7, "lastactivity": "01:06:49", "question": 16, "user": 15, "response": 1}}, {"pk": 169, "model": "review.reviewresponse", "fields": {"review": 7, "lastactivity": "01:06:53", "question": 17, "user": 15, "response": 1}}, {"pk": 170, "model": "review.reviewresponse", "fields": {"review": 7, "lastactivity": "01:06:57", "question": 18, "user": 15, "response": 1}}, {"pk": 171, "model": "review.reviewresponse", "fields": {"review": 7, "lastactivity": "01:11:05", "question": 19, "user": 15, "response": 1}}, {"pk": 172, "model": "review.reviewresponse", "fields": {"review": 7, "lastactivity": "01:11:05", "question": 20, "user": 15, "response": 1}}, {"pk": 173, "model": "review.reviewresponse", "fields": {"review": 7, "lastactivity": "01:11:06", "question": 21, "user": 15, "response": 1}}, {"pk": 174, "model": "review.reviewresponse", "fields": {"review": 7, "lastactivity": "01:11:07", "question": 22, "user": 15, "response": 1}}, {"pk": 175, "model": "review.reviewresponse", "fields": {"review": 7, "lastactivity": "01:21:09", "question": 23, "user": 15, "response": 1}}, {"pk": 176, "model": "review.reviewresponse", "fields": {"review": 7, "lastactivity": "01:21:14", "question": 24, "user": 15, "response": 1}}, {"pk": 177, "model": "review.reviewresponse", "fields": {"review": 7, "lastactivity": "01:21:20", "question": 25, "user": 15, "response": 1}}, {"pk": 178, "model": "review.reviewresponse", "fields": {"review": 9, "lastactivity": "01:24:35", "question": 1, "user": 15, "response": 3}}, {"pk": 179, "model": "review.reviewresponse", "fields": {"review": 9, "lastactivity": "01:24:42", "question": 2, "user": 15, "response": 3}}, {"pk": 180, "model": "review.reviewresponse", "fields": {"review": 9, "lastactivity": "01:25:29", "question": 3, "user": 15, "response": 3}}, {"pk": 181, "model": "review.reviewresponse", "fields": {"review": 9, "lastactivity": "01:30:14", "question": 4, "user": 15, "response": 3}}, {"pk": 182, "model": "review.reviewresponse", "fields": {"review": 9, "lastactivity": "01:30:15", "question": 5, "user": 15, "response": 3}}, {"pk": 183, "model": "review.reviewresponse", "fields": {"review": 9, "lastactivity": "01:30:17", "question": 6, "user": 15, "response": 3}}, {"pk": 184, "model": "review.reviewresponse", "fields": {"review": 9, "lastactivity": "01:30:19", "question": 7, "user": 15, "response": 3}}, {"pk": 185, "model": "review.reviewresponse", "fields": {"review": 9, "lastactivity": "01:30:21", "question": 8, "user": 15, "response": 3}}, {"pk": 186, "model": "review.reviewresponse", "fields": {"review": 9, "lastactivity": "01:32:00", "question": 9, "user": 15, "response": 3}}, {"pk": 187, "model": "review.reviewresponse", "fields": {"review": 9, "lastactivity": "01:32:01", "question": 10, "user": 15, "response": 3}}, {"pk": 188, "model": "review.reviewresponse", "fields": {"review": 9, "lastactivity": "01:32:02", "question": 11, "user": 15, "response": 3}}, {"pk": 189, "model": "review.reviewresponse", "fields": {"review": 9, "lastactivity": "01:32:03", "question": 12, "user": 15, "response": 3}}, {"pk": 190, "model": "review.reviewresponse", "fields": {"review": 9, "lastactivity": "01:32:04", "question": 13, "user": 15, "response": 3}}, {"pk": 191, "model": "review.reviewresponse", "fields": {"review": 9, "lastactivity": "01:33:52", "question": 14, "user": 15, "response": 3}}, {"pk": 192, "model": "review.reviewresponse", "fields": {"review": 9, "lastactivity": "01:33:54", "question": 15, "user": 15, "response": 3}}, {"pk": 193, "model": "review.reviewresponse", "fields": {"review": 9, "lastactivity": "01:34:00", "question": 16, "user": 15, "response": 3}}, {"pk": 194, "model": "review.reviewresponse", "fields": {"review": 9, "lastactivity": "01:34:03", "question": 17, "user": 15, "response": 3}}, {"pk": 195, "model": "review.reviewresponse", "fields": {"review": 9, "lastactivity": "01:34:05", "question": 18, "user": 15, "response": 3}}, {"pk": 196, "model": "review.reviewresponse", "fields": {"review": 9, "lastactivity": "01:34:20", "question": 19, "user": 15, "response": 3}}, {"pk": 197, "model": "review.reviewresponse", "fields": {"review": 9, "lastactivity": "01:34:23", "question": 20, "user": 15, "response": 3}}, {"pk": 198, "model": "review.reviewresponse", "fields": {"review": 9, "lastactivity": "01:34:26", "question": 21, "user": 15, "response": 3}}, {"pk": 199, "model": "review.reviewresponse", "fields": {"review": 9, "lastactivity": "01:34:27", "question": 22, "user": 15, "response": 3}}, {"pk": 200, "model": "review.reviewresponse", "fields": {"review": 9, "lastactivity": "01:37:37", "question": 23, "user": 15, "response": 3}}, {"pk": 201, "model": "review.reviewresponse", "fields": {"review": 9, "lastactivity": "01:37:38", "question": 24, "user": 15, "response": 3}}, {"pk": 202, "model": "review.reviewresponse", "fields": {"review": 9, "lastactivity": "01:37:38", "question": 25, "user": 15, "response": 3}}, {"pk": 203, "model": "review.reviewresponse", "fields": {"review": 9, "lastactivity": "00:48:16", "question": 4, "user": 10, "response": 2}}, {"pk": 204, "model": "review.reviewresponse", "fields": {"review": 9, "lastactivity": "00:48:20", "question": 5, "user": 10, "response": 2}}, {"pk": 205, "model": "review.reviewresponse", "fields": {"review": 9, "lastactivity": "00:48:24", "question": 6, "user": 10, "response": 2}}, {"pk": 206, "model": "review.reviewresponse", "fields": {"review": 9, "lastactivity": "00:48:27", "question": 7, "user": 10, "response": 2}}, {"pk": 207, "model": "review.reviewresponse", "fields": {"review": 9, "lastactivity": "00:48:36", "question": 8, "user": 10, "response": 2}}, {"pk": 208, "model": "review.reviewresponse", "fields": {"review": 9, "lastactivity": "00:53:15", "question": 9, "user": 10, "response": 3}}, {"pk": 209, "model": "review.reviewresponse", "fields": {"review": 9, "lastactivity": "00:53:36", "question": 11, "user": 10, "response": 3}}, {"pk": 210, "model": "review.reviewresponse", "fields": {"review": 9, "lastactivity": "00:53:56", "question": 10, "user": 10, "response": 2}}, {"pk": 211, "model": "review.reviewresponse", "fields": {"review": 9, "lastactivity": "00:53:46", "question": 12, "user": 10, "response": 2}}, {"pk": 212, "model": "review.reviewresponse", "fields": {"review": 9, "lastactivity": "00:53:51", "question": 13, "user": 10, "response": 3}}, {"pk": 213, "model": "review.reviewresponse", "fields": {"review": 9, "lastactivity": "00:55:17", "question": 19, "user": 10, "response": 3}}, {"pk": 214, "model": "review.reviewresponse", "fields": {"review": 9, "lastactivity": "00:55:22", "question": 20, "user": 10, "response": 3}}, {"pk": 215, "model": "review.reviewresponse", "fields": {"review": 9, "lastactivity": "00:55:23", "question": 21, "user": 10, "response": 3}}, {"pk": 216, "model": "review.reviewresponse", "fields": {"review": 9, "lastactivity": "00:55:24", "question": 22, "user": 10, "response": 3}}, {"pk": 217, "model": "review.reviewresponse", "fields": {"review": 9, "lastactivity": "17:39:28", "question": 4, "user": 16, "response": 3}}, {"pk": 218, "model": "review.reviewresponse", "fields": {"review": 9, "lastactivity": "17:46:40", "question": 5, "user": 16, "response": 3}}, {"pk": 219, "model": "review.reviewresponse", "fields": {"review": 9, "lastactivity": "17:48:39", "question": 6, "user": 16, "response": 3}}, {"pk": 220, "model": "review.reviewresponse", "fields": {"review": 9, "lastactivity": "17:50:54", "question": 7, "user": 16, "response": 3}}, {"pk": 221, "model": "review.reviewresponse", "fields": {"review": 9, "lastactivity": "17:56:36", "question": 8, "user": 16, "response": 3}}, {"pk": 222, "model": "review.reviewresponse", "fields": {"review": 9, "lastactivity": "17:57:03", "question": 9, "user": 16, "response": 3}}, {"pk": 224, "model": "review.reviewresponse", "fields": {"review": 9, "lastactivity": "18:04:14", "question": 11, "user": 16, "response": 3}}, {"pk": 225, "model": "review.reviewresponse", "fields": {"review": 9, "lastactivity": "18:04:37", "question": 12, "user": 16, "response": 3}}, {"pk": 226, "model": "review.reviewresponse", "fields": {"review": 9, "lastactivity": "18:04:46", "question": 13, "user": 16, "response": 3}}, {"pk": 227, "model": "review.reviewresponse", "fields": {"review": 9, "lastactivity": "18:05:18", "question": 19, "user": 16, "response": 3}}, {"pk": 228, "model": "review.reviewresponse", "fields": {"review": 9, "lastactivity": "18:05:22", "question": 20, "user": 16, "response": 3}}, {"pk": 229, "model": "review.reviewresponse", "fields": {"review": 9, "lastactivity": "18:05:28", "question": 21, "user": 16, "response": 3}}, {"pk": 230, "model": "review.reviewresponse", "fields": {"review": 9, "lastactivity": "18:05:35", "question": 22, "user": 16, "response": 3}}, {"pk": 232, "model": "review.reviewresponse", "fields": {"review": 9, "lastactivity": "18:10:31", "question": 10, "user": 16, "response": 3}}, {"pk": 234, "model": "review.reviewresponse", "fields": {"review": 9, "lastactivity": "21:51:48", "question": 2, "user": 7, "response": 3}}, {"pk": 239, "model": "review.reviewresponse", "fields": {"review": 9, "lastactivity": "22:29:37", "question": 4, "user": 21, "response": 3}}, {"pk": 240, "model": "review.reviewresponse", "fields": {"review": 9, "lastactivity": "22:29:37", "question": 4, "user": 21, "response": 3}}, {"pk": 241, "model": "review.reviewresponse", "fields": {"review": 9, "lastactivity": "22:30:14", "question": 5, "user": 21, "response": 3}}, {"pk": 242, "model": "review.reviewresponse", "fields": {"review": 9, "lastactivity": "22:37:06", "question": 7, "user": 21, "response": 3}}, {"pk": 243, "model": "review.reviewresponse", "fields": {"review": 9, "lastactivity": "22:46:26", "question": 6, "user": 21, "response": 3}}, {"pk": 244, "model": "review.reviewresponse", "fields": {"review": 9, "lastactivity": "22:47:55", "question": 8, "user": 21, "response": 3}}, {"pk": 245, "model": "review.reviewresponse", "fields": {"review": 9, "lastactivity": "22:54:55", "question": 9, "user": 21, "response": 1}}, {"pk": 246, "model": "review.reviewresponse", "fields": {"review": 9, "lastactivity": "22:55:24", "question": 11, "user": 21, "response": 3}}, {"pk": 247, "model": "review.reviewresponse", "fields": {"review": 9, "lastactivity": "23:14:59", "question": 12, "user": 21, "response": 3}}, {"pk": 248, "model": "review.reviewresponse", "fields": {"review": 9, "lastactivity": "23:14:16", "question": 13, "user": 21, "response": 3}}, {"pk": 249, "model": "review.reviewresponse", "fields": {"review": 9, "lastactivity": "22:58:02", "question": 10, "user": 21, "response": 2}}, {"pk": 250, "model": "review.reviewresponse", "fields": {"review": 9, "lastactivity": "22:59:00", "question": 19, "user": 21, "response": 1}}, {"pk": 251, "model": "review.reviewresponse", "fields": {"review": 9, "lastactivity": "22:59:15", "question": 20, "user": 21, "response": 1}}, {"pk": 252, "model": "review.reviewresponse", "fields": {"review": 9, "lastactivity": "23:10:07", "question": 21, "user": 21, "response": 2}}, {"pk": 253, "model": "review.reviewresponse", "fields": {"review": 9, "lastactivity": "01:32:02", "question": 1, "user": 7, "response": 3}}, {"pk": 256, "model": "review.reviewresponse", "fields": {"review": 9, "lastactivity": "23:08:21", "question": 22, "user": 21, "response": 2}}, {"pk": 257, "model": "review.reviewresponse", "fields": {"review": 6, "lastactivity": "00:13:01", "question": 4, "user": 19, "response": 3}}, {"pk": 258, "model": "review.reviewresponse", "fields": {"review": 6, "lastactivity": "00:13:08", "question": 5, "user": 19, "response": 1}}, {"pk": 259, "model": "review.reviewresponse", "fields": {"review": 6, "lastactivity": "00:13:12", "question": 6, "user": 19, "response": 3}}, {"pk": 260, "model": "review.reviewresponse", "fields": {"review": 6, "lastactivity": "00:13:24", "question": 7, "user": 19, "response": 3}}, {"pk": 261, "model": "review.reviewresponse", "fields": {"review": 6, "lastactivity": "00:13:30", "question": 8, "user": 19, "response": 1}}, {"pk": 262, "model": "review.reviewresponse", "fields": {"review": 6, "lastactivity": "00:13:55", "question": 9, "user": 19, "response": 1}}, {"pk": 263, "model": "review.reviewresponse", "fields": {"review": 6, "lastactivity": "00:13:56", "question": 10, "user": 19, "response": 1}}, {"pk": 264, "model": "review.reviewresponse", "fields": {"review": 6, "lastactivity": "00:14:08", "question": 11, "user": 19, "response": 2}}, {"pk": 265, "model": "review.reviewresponse", "fields": {"review": 6, "lastactivity": "00:14:29", "question": 12, "user": 19, "response": 2}}, {"pk": 266, "model": "review.reviewresponse", "fields": {"review": 6, "lastactivity": "00:14:40", "question": 13, "user": 19, "response": 1}}, {"pk": 267, "model": "review.reviewresponse", "fields": {"review": 6, "lastactivity": "00:14:51", "question": 23, "user": 19, "response": 1}}, {"pk": 268, "model": "review.reviewresponse", "fields": {"review": 6, "lastactivity": "00:15:05", "question": 24, "user": 19, "response": 2}}, {"pk": 269, "model": "review.reviewresponse", "fields": {"review": 6, "lastactivity": "00:15:26", "question": 25, "user": 19, "response": 1}}, {"pk": 270, "model": "review.reviewresponse", "fields": {"review": 9, "lastactivity": "20:32:38", "question": 1, "user": 5, "response": 2}}, {"pk": 271, "model": "review.reviewresponse", "fields": {"review": 9, "lastactivity": "19:59:58", "question": 2, "user": 5, "response": 3}}, {"pk": 272, "model": "review.reviewresponse", "fields": {"review": 9, "lastactivity": "19:59:59", "question": 3, "user": 5, "response": 3}}, {"pk": 273, "model": "review.reviewresponse", "fields": {"review": 2, "lastactivity": "23:15:07", "question": 1, "user": 9, "response": 1}}, {"pk": 275, "model": "review.reviewresponse", "fields": {"review": 5, "lastactivity": "02:24:09", "question": 1, "user": 17, "response": 1}}, {"pk": 276, "model": "review.reviewresponse", "fields": {"review": 5, "lastactivity": "02:24:40", "question": 2, "user": 17, "response": 1}}, {"pk": 277, "model": "review.reviewresponse", "fields": {"review": 5, "lastactivity": "02:24:42", "question": 3, "user": 17, "response": 1}}, {"pk": 278, "model": "review.reviewresponse", "fields": {"review": 5, "lastactivity": "02:24:55", "question": 9, "user": 17, "response": 1}}, {"pk": 279, "model": "review.reviewresponse", "fields": {"review": 5, "lastactivity": "02:25:05", "question": 14, "user": 17, "response": 1}}, {"pk": 280, "model": "review.reviewresponse", "fields": {"review": 5, "lastactivity": "02:25:14", "question": 15, "user": 17, "response": 1}}, {"pk": 281, "model": "review.reviewresponse", "fields": {"review": 5, "lastactivity": "02:25:23", "question": 16, "user": 17, "response": 1}}, {"pk": 282, "model": "review.reviewresponse", "fields": {"review": 5, "lastactivity": "02:25:35", "question": 17, "user": 17, "response": 1}}, {"pk": 283, "model": "review.reviewresponse", "fields": {"review": 5, "lastactivity": "02:25:42", "question": 18, "user": 17, "response": 1}}, {"pk": 284, "model": "review.reviewresponse", "fields": {"review": 5, "lastactivity": "02:26:03", "question": 10, "user": 17, "response": 1}}, {"pk": 285, "model": "review.reviewresponse", "fields": {"review": 5, "lastactivity": "02:26:05", "question": 11, "user": 17, "response": 1}}, {"pk": 286, "model": "review.reviewresponse", "fields": {"review": 5, "lastactivity": "02:26:20", "question": 12, "user": 17, "response": 3}}, {"pk": 287, "model": "review.reviewresponse", "fields": {"review": 5, "lastactivity": "02:26:30", "question": 13, "user": 17, "response": 1}}, {"pk": 288, "model": "review.reviewresponse", "fields": {"review": 5, "lastactivity": "02:26:50", "question": 19, "user": 17, "response": 3}}, {"pk": 289, "model": "review.reviewresponse", "fields": {"review": 5, "lastactivity": "02:27:01", "question": 20, "user": 17, "response": 1}}, {"pk": 290, "model": "review.reviewresponse", "fields": {"review": 5, "lastactivity": "02:27:15", "question": 21, "user": 17, "response": 1}}, {"pk": 291, "model": "review.reviewresponse", "fields": {"review": 5, "lastactivity": "02:27:32", "question": 22, "user": 17, "response": 2}}, {"pk": 292, "model": "review.reviewresponse", "fields": {"review": 9, "lastactivity": "22:00:04", "question": 3, "user": 7, "response": 1}}, {"pk": 293, "model": "review.reviewresponse", "fields": {"review": 9, "lastactivity": "01:03:33", "question": 4, "user": 7, "response": 2}}, {"pk": 294, "model": "review.reviewresponse", "fields": {"review": 9, "lastactivity": "22:02:35", "question": 5, "user": 7, "response": 2}}, {"pk": 295, "model": "review.reviewresponse", "fields": {"review": 9, "lastactivity": "22:01:57", "question": 6, "user": 7, "response": 3}}, {"pk": 296, "model": "review.reviewresponse", "fields": {"review": 9, "lastactivity": "22:04:53", "question": 7, "user": 7, "response": 3}}, {"pk": 297, "model": "review.reviewresponse", "fields": {"review": 9, "lastactivity": "22:05:00", "question": 8, "user": 7, "response": 1}}, {"pk": 298, "model": "review.reviewresponse", "fields": {"review": 9, "lastactivity": "23:55:16", "question": 9, "user": 7, "response": 3}}, {"pk": 299, "model": "review.reviewresponse", "fields": {"review": 9, "lastactivity": "00:00:31", "question": 10, "user": 7, "response": 3}}, {"pk": 300, "model": "review.reviewresponse", "fields": {"review": 9, "lastactivity": "23:56:31", "question": 10, "user": 7, "response": 3}}, {"pk": 301, "model": "review.reviewresponse", "fields": {"review": 9, "lastactivity": "00:01:04", "question": 11, "user": 7, "response": 3}}, {"pk": 302, "model": "review.reviewresponse", "fields": {"review": 9, "lastactivity": "00:03:06", "question": 12, "user": 7, "response": 2}}, {"pk": 303, "model": "review.reviewresponse", "fields": {"review": 9, "lastactivity": "00:03:13", "question": 13, "user": 7, "response": 2}}, {"pk": 304, "model": "review.reviewresponse", "fields": {"review": 9, "lastactivity": "00:03:24", "question": 19, "user": 7, "response": 3}}, {"pk": 305, "model": "review.reviewresponse", "fields": {"review": 9, "lastactivity": "00:03:30", "question": 20, "user": 7, "response": 3}}, {"pk": 306, "model": "review.reviewresponse", "fields": {"review": 9, "lastactivity": "00:03:35", "question": 21, "user": 7, "response": 2}}, {"pk": 307, "model": "review.reviewresponse", "fields": {"review": 9, "lastactivity": "00:03:43", "question": 22, "user": 7, "response": 3}}, {"pk": 308, "model": "review.reviewresponse", "fields": {"review": 9, "lastactivity": "00:03:43", "question": 22, "user": 7, "response": 3}}, {"pk": 309, "model": "review.reviewresponse", "fields": {"review": 9, "lastactivity": "20:33:12", "question": 4, "user": 5, "response": 3}}, {"pk": 310, "model": "review.reviewresponse", "fields": {"review": 9, "lastactivity": "17:20:29", "question": 5, "user": 18, "response": 2}}, {"pk": 311, "model": "review.reviewresponse", "fields": {"review": 9, "lastactivity": "17:20:38", "question": 6, "user": 18, "response": 3}}, {"pk": 312, "model": "review.reviewresponse", "fields": {"review": 9, "lastactivity": "17:21:43", "question": 7, "user": 18, "response": 3}}, {"pk": 313, "model": "review.reviewresponse", "fields": {"review": 9, "lastactivity": "17:23:04", "question": 8, "user": 18, "response": 1}}, {"pk": 314, "model": "review.reviewresponse", "fields": {"review": 9, "lastactivity": "17:25:39", "question": 14, "user": 18, "response": 1}}, {"pk": 315, "model": "review.reviewresponse", "fields": {"review": 9, "lastactivity": "17:36:23", "question": 10, "user": 18, "response": 3}}, {"pk": 316, "model": "review.reviewresponse", "fields": {"review": 9, "lastactivity": "17:30:36", "question": 11, "user": 18, "response": 2}}, {"pk": 317, "model": "review.reviewresponse", "fields": {"review": 9, "lastactivity": "17:27:52", "question": 12, "user": 18, "response": 2}}, {"pk": 318, "model": "review.reviewresponse", "fields": {"review": 9, "lastactivity": "17:28:03", "question": 13, "user": 18, "response": 2}}, {"pk": 319, "model": "review.reviewresponse", "fields": {"review": 9, "lastactivity": "17:30:58", "question": 9, "user": 18, "response": 3}}, {"pk": 320, "model": "review.reviewresponse", "fields": {"review": 9, "lastactivity": "17:32:48", "question": 4, "user": 18, "response": 3}}, {"pk": 321, "model": "review.reviewresponse", "fields": {"review": 9, "lastactivity": "17:33:48", "question": 19, "user": 18, "response": 3}}, {"pk": 322, "model": "review.reviewresponse", "fields": {"review": 9, "lastactivity": "17:35:14", "question": 20, "user": 18, "response": 2}}, {"pk": 323, "model": "review.reviewresponse", "fields": {"review": 9, "lastactivity": "17:34:25", "question": 21, "user": 18, "response": 2}}, {"pk": 324, "model": "review.reviewresponse", "fields": {"review": 9, "lastactivity": "17:34:34", "question": 22, "user": 18, "response": 3}}, {"pk": 325, "model": "review.reviewresponse", "fields": {"review": 10, "lastactivity": "20:47:58", "question": 1, "user": 10, "response": 1}}, {"pk": 326, "model": "review.reviewresponse", "fields": {"review": 10, "lastactivity": "20:48:11", "question": 2, "user": 10, "response": 1}}, {"pk": 327, "model": "review.reviewresponse", "fields": {"review": 10, "lastactivity": "20:48:17", "question": 3, "user": 10, "response": 1}}, {"pk": 328, "model": "review.reviewresponse", "fields": {"review": 10, "lastactivity": "20:56:05", "question": 4, "user": 10, "response": 1}}, {"pk": 329, "model": "review.reviewresponse", "fields": {"review": 10, "lastactivity": "20:56:10", "question": 5, "user": 10, "response": 2}}, {"pk": 330, "model": "review.reviewresponse", "fields": {"review": 10, "lastactivity": "20:56:15", "question": 6, "user": 10, "response": 1}}, {"pk": 331, "model": "review.reviewresponse", "fields": {"review": 10, "lastactivity": "20:56:18", "question": 7, "user": 10, "response": 1}}, {"pk": 332, "model": "review.reviewresponse", "fields": {"review": 10, "lastactivity": "20:56:24", "question": 8, "user": 10, "response": 1}}, {"pk": 333, "model": "review.reviewresponse", "fields": {"review": 10, "lastactivity": "21:03:43", "question": 9, "user": 10, "response": 2}}, {"pk": 334, "model": "review.reviewresponse", "fields": {"review": 10, "lastactivity": "21:04:13", "question": 12, "user": 10, "response": 1}}, {"pk": 335, "model": "review.reviewresponse", "fields": {"review": 10, "lastactivity": "21:04:13", "question": 12, "user": 10, "response": 1}}, {"pk": 336, "model": "review.reviewresponse", "fields": {"review": 10, "lastactivity": "21:04:17", "question": 13, "user": 10, "response": 1}}, {"pk": 337, "model": "review.reviewresponse", "fields": {"review": 10, "lastactivity": "21:04:21", "question": 10, "user": 10, "response": 1}}, {"pk": 338, "model": "review.reviewresponse", "fields": {"review": 10, "lastactivity": "21:04:23", "question": 11, "user": 10, "response": 1}}, {"pk": 339, "model": "review.reviewresponse", "fields": {"review": 10, "lastactivity": "21:08:15", "question": 18, "user": 10, "response": 1}}, {"pk": 340, "model": "review.reviewresponse", "fields": {"review": 10, "lastactivity": "21:08:16", "question": 17, "user": 10, "response": 1}}, {"pk": 341, "model": "review.reviewresponse", "fields": {"review": 10, "lastactivity": "21:08:16", "question": 17, "user": 10, "response": 1}}, {"pk": 342, "model": "review.reviewresponse", "fields": {"review": 10, "lastactivity": "21:08:16", "question": 16, "user": 10, "response": 1}}, {"pk": 343, "model": "review.reviewresponse", "fields": {"review": 10, "lastactivity": "21:08:17", "question": 15, "user": 10, "response": 1}}, {"pk": 344, "model": "review.reviewresponse", "fields": {"review": 10, "lastactivity": "21:08:18", "question": 14, "user": 10, "response": 1}}, {"pk": 345, "model": "review.reviewresponse", "fields": {"review": 10, "lastactivity": "21:09:20", "question": 19, "user": 10, "response": 1}}, {"pk": 346, "model": "review.reviewresponse", "fields": {"review": 10, "lastactivity": "21:09:22", "question": 20, "user": 10, "response": 1}}, {"pk": 347, "model": "review.reviewresponse", "fields": {"review": 10, "lastactivity": "21:09:24", "question": 21, "user": 10, "response": 1}}, {"pk": 348, "model": "review.reviewresponse", "fields": {"review": 10, "lastactivity": "21:09:29", "question": 22, "user": 10, "response": 1}}, {"pk": 349, "model": "review.reviewresponse", "fields": {"review": 10, "lastactivity": "21:10:25", "question": 23, "user": 10, "response": 1}}, {"pk": 350, "model": "review.reviewresponse", "fields": {"review": 10, "lastactivity": "21:10:25", "question": 24, "user": 10, "response": 1}}, {"pk": 351, "model": "review.reviewresponse", "fields": {"review": 10, "lastactivity": "21:10:26", "question": 25, "user": 10, "response": 1}}, {"pk": 1, "model": "review.reviewcomment", "fields": {"text": "", "review": 7, "section": 6, "postdate": "09:32:13", "user": 3}}, {"pk": 2, "model": "review.reviewcomment", "fields": {"text": "Very easy to navigate, full of useful information.", "review": 9, "section": 1, "postdate": "15:27:33", "user": 15}}, {"pk": 3, "model": "review.reviewcomment", "fields": {"text": "Just checking", "review": 3, "section": 1, "postdate": "11:45:21", "user": 9}}, {"pk": 4, "model": "review.reviewcomment", "fields": {"text": "No comment", "review": 2, "section": 2, "postdate": "11:51:02", "user": 9}}, {"pk": 5, "model": "review.reviewcomment", "fields": {"text": "Hahaha", "review": 2, "section": 1, "postdate": "12:03:41", "user": 9}}, {"pk": 6, "model": "review.reviewcomment", "fields": {"text": "Now, I know this course is from 2006, so perhaps that why it's so basic.  I have to say I am really surprised by how little information there is overall.", "review": 7, "section": 1, "postdate": "14:49:32", "user": 15}}, {"pk": 7, "model": "review.reviewcomment", "fields": {"text": "The layout is consistent, however the syllabus is terrible.  It does not give students a clear, transparent, and concise idea of how they will be evaluated.", "review": 7, "section": 2, "postdate": "14:53:19", "user": 15}}, {"pk": 8, "model": "review.reviewcomment", "fields": {"text": "If I could give a score lower than baseline I would.  There is no contact information for the instructor.  There is an open study forum, but the responses to questions seem inconsistent and there were no instructor participation in the forum as far as I could tell. ", "review": 7, "section": 3, "postdate": "15:01:51", "user": 15}}, {"pk": 9, "model": "review.reviewcomment", "fields": {"text": "There are three written exams and one oral interview.  While there are practice exams on the site, there is no information about how they should be taken.  It also seems that there is little opportunity for feedback between the instructor and students.  Also according to the syllabus there are three tests, yet the sample practice tests are number 1,2 4? Confusing.", "review": 7, "section": 4, "postdate": "15:10:35", "user": 15}}, {"pk": 10, "model": "review.reviewcomment", "fields": {"text": "Now, I understand that this is not the most up to date course, but there is very little in terms of technology.  Honestly, it's just a bunch of PDF's and a few mp3's.  ", "review": 7, "section": 5, "postdate": "15:17:22", "user": 15}}, {"pk": 11, "model": "review.reviewcomment", "fields": {"text": "I did not find anyplace where students could give feedback.  Again, there was not even contact info for the instructor.", "review": 7, "section": 6, "postdate": "15:22:16", "user": 15}}, {"pk": 12, "model": "review.reviewcomment", "fields": {"text": "I thought this was one of the highlights of the site.  It had a very active forum and the instructors seemed to always be actively participating.", "review": 9, "section": 3, "postdate": "15:32:57", "user": 15}}, {"pk": 13, "model": "review.reviewcomment", "fields": {"text": "There are a variety of tools used for both synchronous and asynchronous discussions.", "review": 9, "section": 5, "postdate": "15:36:22", "user": 15}}, {"pk": 14, "model": "review.reviewcomment", "fields": {"text": "Impressed.", "review": 9, "section": 6, "postdate": "15:37:53", "user": 15}}, {"pk": 15, "model": "review.reviewcomment", "fields": {"text": "Some pictures do not display properly. ", "review": 9, "section": 2, "postdate": "14:52:53", "user": 10}}, {"pk": 16, "model": "review.reviewcomment", "fields": {"text": "The course has Google Hangout session and a discussion section.", "review": 9, "section": 3, "postdate": "14:54:55", "user": 10}}, {"pk": 17, "model": "review.reviewcomment", "fields": {"text": "The course applies several technologies, such as wiki, Google Hangout, and creative common resources. ", "review": 9, "section": 5, "postdate": "14:56:22", "user": 10}}, {"pk": 18, "model": "review.reviewcomment", "fields": {"text": "A typo in Guideline B Exemplary: do not in \"do not align\" should be removed.", "review": 9, "section": 3, "postdate": "08:12:58", "user": 16}}, {"pk": 19, "model": "review.reviewcomment", "fields": {"text": "", "review": 9, "section": 1, "postdate": "13:03:07", "user": 7}}, {"pk": 20, "model": "review.reviewcomment", "fields": {"text": "", "review": 9, "section": 1, "postdate": "10:32:47", "user": 5}}, {"pk": 21, "model": "review.reviewcomment", "fields": {"text": "Easy to navigate. Course is well-designed. The lay-out is aesthetically appealing.", "review": 9, "section": 2, "postdate": "07:21:33", "user": 18}}, {"pk": 22, "model": "review.reviewcomment", "fields": {"text": "Activities and goals were well aligned.", "review": 9, "section": 3, "postdate": "07:36:15", "user": 18}}, {"pk": 23, "model": "review.reviewcomment", "fields": {"text": "The Google hang-out is a good feature. ", "review": 9, "section": 5, "postdate": "07:35:22", "user": 18}}, {"pk": 24, "model": "review.reviewcomment", "fields": {"text": "(1) Home screen is a good place to provide information about the course, contact information, and links to obtain supports. (2) Need to think about incorporating visuals, audio, and probably video to support information presented in the printed texts. (3) Consider removing several unnecessary tools, such as blog, dropbox, link tool, news, and roster.", "review": 10, "section": 1, "postdate": "10:55:41", "user": 10}}, {"pk": 25, "model": "review.reviewcomment", "fields": {"text": "(1) There is a way to embed the course syllabus as pdf in the laulima syllabus tool. (2) The syllabus is in Spanish. (3) Need a section in the syllabus to explain how the course work and where to obtain technical and academic support. (4) If I am positioning my self as a student, I do not know where I suppose to start look for information and the course structure is not clear at all for me. ", "review": 10, "section": 2, "postdate": "11:03:33", "user": 10}}, {"pk": 26, "model": "review.reviewcomment", "fields": {"text": "(1) The course has a chat tool that allows students interact with the instructor as well as other peers if they are online. (2) Instructor also activated the mail tool. (3) Course goals and learning objectives should be explicitly stated in the syllabus. (4) No visual, audio, and video. ", "review": 10, "section": 3, "postdate": "11:08:00", "user": 10}}, {"pk": 27, "model": "review.reviewcomment", "fields": {"text": "Only quizzes use to assess student' performance.  ", "review": 10, "section": 4, "postdate": "11:09:14", "user": 10}}, {"pk": 28, "model": "review.reviewcomment", "fields": {"text": "Set up a section in Discussion and private message for students to give feedback. ", "review": 10, "section": 6, "postdate": "11:11:13", "user": 10}}, {"pk": 1, "model": "review.reviewreportstatus", "fields": {"reviewer": 3, "review": 1, "submitdate": "2012-05-18T13:00:49Z"}}, {"pk": 2, "model": "review.reviewreportstatus", "fields": {"reviewer": 1, "review": 1, "submitdate": "2013-10-14T19:03:33Z"}}, {"pk": 3, "model": "review.reviewreportstatus", "fields": {"reviewer": 9, "review": 2, "submitdate": "2012-05-18T13:00:49Z"}}, {"pk": 4, "model": "review.reviewreportstatus", "fields": {"reviewer": 15, "review": 7, "submitdate": "2014-02-26T01:38:17Z"}}, {"pk": 5, "model": "review.reviewreportstatus", "fields": {"reviewer": 15, "review": 9, "submitdate": "2014-02-26T01:37:56Z"}}, {"pk": 1, "model": "review.question", "fields": {"text": "How many students enrolled in the course? Click here to enter text.", "survey": 1, "rank": 1}}, {"pk": 2, "model": "review.question", "fields": {"text": "Is this a core course in the department?", "survey": 1, "rank": 2}}, {"pk": 3, "model": "review.question", "fields": {"text": "Were students enrolled to the course come from one department/major?", "survey": 1, "rank": 3}}, {"pk": 4, "model": "review.question", "fields": {"text": "What is the course primary delivery method?", "survey": 1, "rank": 4}}, {"pk": 5, "model": "review.question", "fields": {"text": "What is the students' average level of online course experience?", "survey": 1, "rank": 5}}, {"pk": 1, "model": "review.questionoption", "fields": {"answer": false, "text": "Yes", "type": "radio", "rank": 1, "parent": 2}}, {"pk": 2, "model": "review.questionoption", "fields": {"answer": false, "text": "No", "type": "radio", "rank": 2, "parent": 2}}, {"pk": 3, "model": "review.questionoption", "fields": {"answer": false, "text": "Yes", "type": "radio", "rank": 1, "parent": 3}}, {"pk": 4, "model": "review.questionoption", "fields": {"answer": false, "text": "No", "type": "radio", "rank": 2, "parent": 3}}, {"pk": 5, "model": "review.questionoption", "fields": {"answer": false, "text": "Online", "type": "radio", "rank": 1, "parent": 4}}, {"pk": 6, "model": "review.questionoption", "fields": {"answer": false, "text": "Hybrid", "type": "radio", "rank": 2, "parent": 4}}, {"pk": 7, "model": "review.questionoption", "fields": {"answer": false, "text": "High Technology Integration (HTI)", "type": "radio", "rank": 3, "parent": 4}}, {"pk": 8, "model": "review.questionoption", "fields": {"answer": false, "text": "Very Low", "type": "radio", "rank": 1, "parent": 5}}, {"pk": 9, "model": "review.questionoption", "fields": {"answer": false, "text": "Low", "type": "radio", "rank": 2, "parent": 5}}, {"pk": 10, "model": "review.questionoption", "fields": {"answer": false, "text": "Moderate", "type": "radio", "rank": 3, "parent": 5}}, {"pk": 11, "model": "review.questionoption", "fields": {"answer": false, "text": "High", "type": "radio", "rank": 4, "parent": 5}}, {"pk": 12, "model": "review.questionoption", "fields": {"answer": false, "text": "Very High", "type": "radio", "rank": 5, "parent": 5}}, {"pk": 1, "model": "review.surveyresponse", "fields": {"review": 1, "question": 1, "user": 1, "response": "28"}}, {"pk": 2, "model": "review.surveyresponse", "fields": {"review": 1, "question": 3, "user": 1, "response": "Yes"}}, {"pk": 3, "model": "review.surveyresponse", "fields": {"review": 1, "question": 2, "user": 1, "response": "Yes"}}, {"pk": 4, "model": "review.surveyresponse", "fields": {"review": 1, "question": 5, "user": 1, "response": "Low"}}, {"pk": 5, "model": "review.surveyresponse", "fields": {"review": 1, "question": 4, "user": 1, "response": "Hybrid"}}, {"pk": 1, "model": "review.userprofile", "fields": {"department": "CLT", "user": 1}}, {"pk": 2, "model": "review.userprofile", "fields": {"department": "CLT", "user": 3}}, {"pk": 3, "model": "review.userprofile", "fields": {"department": "CLT", "user": 4}}, {"pk": 4, "model": "review.userprofile", "fields": {"department": "CLT", "user": 5}}, {"pk": 5, "model": "review.userprofile", "fields": {"department": "NOT SET", "user": 6}}, {"pk": 6, "model": "review.userprofile", "fields": {"department": "NOT SET", "user": 7}}, {"pk": 9, "model": "review.userprofile", "fields": {"department": "NOT SET", "user": 9}}, {"pk": 10, "model": "review.userprofile", "fields": {"department": "NOT SET", "user": 10}}, {"pk": 13, "model": "review.userprofile", "fields": {"department": "NOT SET", "user": 12}}, {"pk": 14, "model": "review.userprofile", "fields": {"department": "NOT SET", "user": 13}}, {"pk": 15, "model": "review.userprofile", "fields": {"department": "NOT SET", "user": 14}}, {"pk": 16, "model": "review.userprofile", "fields": {"department": "NOT SET", "user": 15}}, {"pk": 17, "model": "review.userprofile", "fields": {"department": "NOT SET", "user": 16}}, {"pk": 18, "model": "review.userprofile", "fields": {"department": "NOT SET", "user": 17}}, {"pk": 19, "model": "review.userprofile", "fields": {"department": "NOT SET", "user": 18}}, {"pk": 20, "model": "review.userprofile", "fields": {"department": "NOT SET", "user": 19}}, {"pk": 21, "model": "review.userprofile", "fields": {"department": "NOT SET", "user": 20}}, {"pk": 22, "model": "review.userprofile", "fields": {"department": "NOT SET", "user": 21}}, {"pk": 23, "model": "review.userprofile", "fields": {"department": "NOT SET", "user": 22}}, {"pk": 24, "model": "review.userprofile", "fields": {"department": "NOT SET", "user": 23}}, {"pk": 25, "model": "review.userprofile", "fields": {"department": "NOT SET", "user": 24}}, {"pk": 26, "model": "review.userprofile", "fields": {"department": "NOT SET", "user": 25}}, {"pk": 31, "model": "review.userprofile", "fields": {"department": "NOT SET", "user": 28}}]