[{"pk": 1, "model": "review.reviewsurvey", "fields": {"description": "Online Course Review", "title": "Online Course Review v.1"}}, {"pk": 1, "model": "review.survey", "fields": {"description": "Pre assessment.", "title": "Pre Assessment Survey"}}, {"pk": 1, "model": "review.reviewsection", "fields": {"text": "Category 1\r\n", "survey": 1, "name": "Learner Support and Resources", "rank": 1}}, {"pk": 2, "model": "review.reviewsection", "fields": {"text": "Category 2\r\n", "survey": 1, "name": "Online Organization and Design", "rank": 2}}, {"pk": 3, "model": "review.reviewsection", "fields": {"text": "Category 3\r\n", "survey": 1, "name": "Instructional Design and Delivery", "rank": 3}}, {"pk": 4, "model": "review.reviewsection", "fields": {"text": "Category 4\r\n", "survey": 1, "name": "Assessment and Evaluation of Student Learning", "rank": 4}}, {"pk": 5, "model": "review.reviewsection", "fields": {"text": "Category 5\r\n", "survey": 1, "name": "Appropriate and Effective Use of Technology", "rank": 5}}, {"pk": 6, "model": "review.reviewsection", "fields": {"text": "Category 6\r\n", "survey": 1, "name": "Student Feedback", "rank": 6}}, {"pk": 1, "model": "review.reviewquestion", "fields": {"text": "A.", "section": 1, "guide": "<div>\r\n\t<font size=\"1\"> A. For an exemplary score in A, the course should contain a learner information page or module that includes the following: </font>\r\n</div>\r\n<div>\r\n\t<font size=\"1\">\r\n\t<br>\r\n\t</font>\r\n</div>\r\n<div>\r\n\t<font size=\"1\"> Essential indicators </font>\r\n</div>\r\n<div>\r\n\t<ul>\r\n\t\t<li>\r\n\t\t\t<font size=\"1\"> Tutorial(s) to use the LMS tools commonly used in the course (Blackboard or Moodle) </font>\r\n\t\t</li>\r\n\t\t<li>\r\n\t\t\t<font size=\"1\"> Tips for being a successful online student&nbsp; </font>\r\n\t\t</li>\r\n\t\t<li>\r\n\t\t\t<font size=\"1\"> Minimum computer hardware and software requirements&nbsp; </font>\r\n\t\t</li>\r\n\t\t<li>\r\n\t\t\t<font size=\"1\"> General tips to take the course </font>\r\n\t\t</li>\r\n\t\t<li>\r\n\t\t\t<font size=\"1\"> Links to campus student service units (e.g., Student Success Center, Disability Office, etc.)&nbsp; </font>\r\n\t\t</li>\r\n\t\t<li>\r\n\t\t\t<font size=\"1\"> Information/tutorials on how to use software used in the course </font>\r\n\t\t</li>\r\n\t\t<li>\r\n\t\t\t<font size=\"1\"> Sources for any required plug-ins (and links)&nbsp; </font>\r\n\t\t</li>\r\n\t\t<li>\r\n\t\t\t<font size=\"1\"> Contact information for technical support&nbsp; </font>\r\n\t\t</li>\r\n\t</ul>\r\n</div>\r\n<div>\r\n\t<font size=\"1\">\r\n\t<br>\r\n\t</font>\r\n</div>\r\n<div>\r\n\t<font size=\"1\"> Necessary indicators (depending on course content or evaluation) </font>\r\n</div>\r\n<div>\r\n\t<ul>\r\n\t\t<li>\r\n\t\t\t<font size=\"1\"> Link to e-Library and instructions to access library resources online from both on- and off-campus locations </font>\r\n\t\t</li>\r\n\t\t<li>\r\n\t\t\t<font size=\"1\"> Links to resources or instructions on how to conduct online research&nbsp; </font>\r\n\t\t</li>\r\n\t\t<li>\r\n\t\t\t<font size=\"1\"> Basic guidelines to format papers and/or citations (e.g., APA, MLA, etc.) </font>\r\n\t\t</li>\r\n\t\t<li>\r\n\t\t\t<font size=\"1\"> Link to the testing center and instructions for proctored exams </font>\r\n\t\t</li>\r\n\t\t<li>\r\n\t\t\t<font size=\"1\"> List of alternative open-source software&nbsp; </font>\r\n\t\t</li>\r\n\t</ul>\r\n</div>\r\n", "rank": 1}}, {"pk": 2, "model": "review.reviewquestion", "fields": {"text": "B.", "section": 1, "guide": "<div>\r\n\tB. For an examplary score in B, the course should minimally contain:&nbsp;\r\n</div>\r\n<div>\r\n\tContact information for the instructor&nbsp;\r\n</div>\r\n<div>\r\n\tContact information for academic department or advisor&nbsp;\r\n</div>\r\n<div>\r\n\tInformation on additional related courses or program&nbsp;\r\n</div>\r\n<div>\r\n\tLink(s) to Bookstore(s) to order textbooks or other instructional materials&nbsp;\r\n\t<br>\r\n\t&nbsp;\r\n</div>\r\n", "rank": 2}}, {"pk": 3, "model": "review.reviewquestion", "fields": {"text": "C.", "section": 1, "guide": "<div>\r\n\tC. Course offers access to resources supporting course content and different learning abilities.\r\n</div>\r\n<div>\r\n\tEstimated amount of time needed for completing course requirements\r\n</div>\r\n<div>\r\n\tLink(s) to web sites with supporting information relevant to course content&nbsp;\r\n</div>\r\n<div>\r\n\tLink(s) to web sites of organizations or associations related to course content&nbsp;\r\n</div>\r\n<div>\r\n\tGlossary of terms or links to definitions of key vocabulary&nbsp;\r\n</div>\r\n<div>\r\n\tLink(s) to external multimedia resources&nbsp;\r\n</div>\r\n<div>\r\n\t<br>\r\n</div>\r\n", "rank": 3}}, {"pk": 4, "model": "review.reviewquestion", "fields": {"text": "A.", "section": 2, "guide": "&nbsp;&nbsp;\r\n<h3>\r\n\t<span lang=\"X-NONE\"><span>A.<span style=\"Times New Roman&quot; font:7.0pt &quot;\">&nbsp;&nbsp;&nbsp;&nbsp;&nbsp; </span></span></span><span lang=\"X-NONE\" style=\"font-size:9.0pt;\">An exemplary score means that:   </span>\r\n</h3>\r\n<p>\r\n\t<span><span>\u00b7<span style=\"Times New Roman&quot; font:7.0pt &quot;\">&nbsp;&nbsp;&nbsp;&nbsp;&nbsp;&nbsp; </span></span></span><span style=\"font-size:9.0pt;\">Course navigation is made explicit (e.g., a content map is available, navigation is explained in a tutorial or video, etc.)   </span>\r\n</p>\r\n<p>\r\n\t<span><span>\u00b7<span style=\"Times New Roman&quot; font:7.0pt &quot;\">&nbsp;&nbsp;&nbsp;&nbsp;&nbsp;&nbsp; </span></span></span><span style=\"font-size:9.0pt;\">Key components and structure of the course are made explicit   </span>\r\n</p>\r\n<p>\r\n\t<span><span>\u00b7<span style=\"Times New Roman&quot; font:7.0pt &quot;\">&nbsp;&nbsp;&nbsp;&nbsp;&nbsp;&nbsp; </span></span></span><span style=\"font-size:9.0pt;\">Course syllabus, schedule, resources, and interaction tools (e.g., discussion board) can always be reached with no more than two clicks from any course page   </span>\r\n</p>\r\n<p>\r\n\t<span><span>\u00b7<span style=\"Times New Roman&quot; font:7.0pt &quot;\">&nbsp;&nbsp;&nbsp;&nbsp;&nbsp;&nbsp; </span></span></span><span style=\"font-size:9.0pt;\">Instructional materials are easily located   </span>\r\n</p>\r\n<span><span>\u00b7<span style=\"Times New Roman&quot; font:7.0pt &quot;\">&nbsp;&nbsp;&nbsp;&nbsp;&nbsp;&nbsp; </span></span></span><span style=\"font-size:9.0pt;\">There is an alternative thematic navigation option to access the course content If course content is structured in chronological format.</span>&nbsp;\r\n", "rank": 1}}, {"pk": 5, "model": "review.reviewquestion", "fields": {"text": "B.", "section": 2, "guide": "&nbsp;&nbsp;\r\n<h3>\r\n\t<span lang=\"X-NONE\"><span>B.<span style=\"Times New Roman&quot; font:7.0pt &quot;\">&nbsp;&nbsp;&nbsp;&nbsp;&nbsp; </span></span></span><span lang=\"X-NONE\" style=\"font-size:9.0pt;\">An exemplary score means that the following is included:   </span>\r\n</h3>\r\n<p>\r\n\t<span><span>\u00b7<span style=\"Times New Roman&quot; font:7.0pt &quot;\">&nbsp;&nbsp;&nbsp;&nbsp;&nbsp;&nbsp; </span></span></span><span style=\"font-size:9.0pt;\">Course description from the university catalog   </span>\r\n</p>\r\n<p>\r\n\t<span><span>\u00b7<span style=\"Times New Roman&quot; font:7.0pt &quot;\">&nbsp;&nbsp;&nbsp;&nbsp;&nbsp;&nbsp; </span></span></span><span style=\"font-size:9.0pt;\">Course goals and learning objectives   </span>\r\n</p>\r\n<p>\r\n\t<span><span>\u00b7<span style=\"Times New Roman&quot; font:7.0pt &quot;\">&nbsp;&nbsp;&nbsp;&nbsp;&nbsp;&nbsp; </span></span></span><span style=\"font-size:9.0pt;\">Narrative or table that makes explicit the alignment of course goals and objectives with program or departmental learning outcomes   </span>\r\n</p>\r\n<p>\r\n\t<span><span>\u00b7<span style=\"Times New Roman&quot; font:7.0pt &quot;\">&nbsp;&nbsp;&nbsp;&nbsp;&nbsp;&nbsp; </span></span></span><span style=\"font-size:9.0pt;\">A list of all required assignments, the weights given to each, due dates, and penalties for late submissions   </span>\r\n</p>\r\n<p>\r\n\t<span><span>\u00b7<span style=\"Times New Roman&quot; font:7.0pt &quot;\">&nbsp;&nbsp;&nbsp;&nbsp;&nbsp;&nbsp; </span></span></span><span style=\"font-size:9.0pt;\">Course materials (e.g., textbook information, including e-book options and supplementary websites, subscription to streaming content, etc.)   </span>\r\n</p>\r\n<p>\r\n\t<span><span>\u00b7<span style=\"Times New Roman&quot; font:7.0pt &quot;\">&nbsp;&nbsp;&nbsp;&nbsp;&nbsp;&nbsp; </span></span></span><span style=\"font-size:9.0pt;\">Policy statements regarding academic integrity, copyright, and accessibility   </span>\r\n</p>\r\n<p>\r\n\t<span><span>\u00b7<span style=\"Times New Roman&quot; font:7.0pt &quot;\">&nbsp;&nbsp;&nbsp;&nbsp;&nbsp;&nbsp; </span></span></span><span style=\"font-size:9.0pt;\">Communication policies, including participation, netiquette, ways to reach the instructor, and expectations of availability of and turnaround time for contact with instructor   </span>\r\n</p>\r\n<p>\r\n\t<span><span>\u00b7<span style=\"Times New Roman&quot; font:7.0pt &quot;\">&nbsp;&nbsp;&nbsp;&nbsp;&nbsp;&nbsp; </span></span></span><span style=\"font-size:9.0pt;\">A course schedule (what happens when)   </span>\r\n</p>\r\n<p>\r\n\t<span><span>\u00b7<span style=\"Times New Roman&quot; font:7.0pt &quot;\">&nbsp;&nbsp;&nbsp;&nbsp;&nbsp;&nbsp; </span></span></span><span style=\"font-size:9.0pt;\">A timeline for student participation &nbsp;&nbsp;</span>\r\n</p>\r\n", "rank": 2}}, {"pk": 6, "model": "review.reviewquestion", "fields": {"text": "C.", "section": 2, "guide": "&nbsp;&nbsp;\r\n<h3>\r\n\t<span lang=\"X-NONE\"><span>C.<span style=\"Times New Roman&quot; font:7.0pt &quot;\">&nbsp;&nbsp;&nbsp;&nbsp;&nbsp; </span></span></span><span lang=\"X-NONE\" style=\"font-size:9.0pt;\">An exemplary score means that the following has been susccessfully implemented:   </span>\r\n</h3>\r\n<p>\r\n\t<span><span>\u00b7<span style=\"Times New Roman&quot; font:7.0pt &quot;\">&nbsp;&nbsp;&nbsp;&nbsp;&nbsp;&nbsp; </span></span></span><span style=\"font-size:9.0pt;\">Typeface is easy to read   </span>\r\n</p>\r\n<p>\r\n\t<span><span>\u00b7<span style=\"Times New Roman&quot; font:7.0pt &quot;\">&nbsp;&nbsp;&nbsp;&nbsp;&nbsp;&nbsp; </span></span></span><span style=\"font-size:9.0pt;\">Sufficient contrast between text and background   </span>\r\n</p>\r\n<p>\r\n\t<span><span>\u00b7<span style=\"Times New Roman&quot; font:7.0pt &quot;\">&nbsp;&nbsp;&nbsp;&nbsp;&nbsp;&nbsp; </span></span></span><span style=\"font-size:9.0pt;\">Appropriate images supporting course content add visual interest   </span>\r\n</p>\r\n<p>\r\n\t<span><span>\u00b7<span style=\"Times New Roman&quot; font:7.0pt &quot;\">&nbsp;&nbsp;&nbsp;&nbsp;&nbsp;&nbsp; </span></span></span><span style=\"font-size:9.0pt;\">Course pages are kept to a comfortable length &nbsp; &nbsp;</span>\r\n</p>\r\n", "rank": 3}}, {"pk": 7, "model": "review.reviewquestion", "fields": {"text": "D.", "section": 2, "guide": "&nbsp;&nbsp;\r\n<h3>\r\n\t<span lang=\"X-NONE\"><span>D.<span style=\"Times New Roman&quot; font:7.0pt &quot;\">&nbsp;&nbsp;&nbsp;&nbsp;&nbsp; </span></span></span><span lang=\"X-NONE\" style=\"font-size:9.0pt;\">An exemplary score means that:   </span>\r\n</h3>\r\n<p>\r\n\t<span><span>\u00b7<span style=\"Times New Roman&quot; font:7.0pt &quot;\">&nbsp;&nbsp;&nbsp;&nbsp;&nbsp;&nbsp; </span></span></span><span style=\"font-size:9.0pt;\">Layout of course is visually and functionally consistent   </span>\r\n</p>\r\n<p>\r\n\t<span><span>\u00b7<span style=\"Times New Roman&quot; font:7.0pt &quot;\">&nbsp;&nbsp;&nbsp;&nbsp;&nbsp;&nbsp; </span></span></span><span style=\"font-size:9.0pt;\">Navigability is clear, simple and user friendly   </span>\r\n</p>\r\n<span><span>\u00b7<span style=\"Times New Roman&quot; font:7.0pt &quot;\">&nbsp;&nbsp;&nbsp;&nbsp;&nbsp;&nbsp; </span></span></span><span style=\"font-size:9.0pt;\">Spelling and grammar are consistent and accurate&nbsp;</span>&nbsp;\r\n", "rank": 4}}, {"pk": 8, "model": "review.reviewquestion", "fields": {"text": "E.", "section": 2, "guide": "&nbsp;&nbsp;\r\n<h3>\r\n\t<i><span lang=\"X-NONE\"><span>E.<span style=\"Times New Roman&quot; font:7.0pt &quot;\">&nbsp;&nbsp;&nbsp;&nbsp;&nbsp; </span></span></span></i><span lang=\"X-NONE\" style=\"font-size:9.0pt;\">An exemplary score is given if attention has been payed to the following: <i>   </i></span>\r\n</h3>\r\n<p>\r\n\t<span><span>\u00b7<span style=\"Times New Roman&quot; font:7.0pt &quot;\">&nbsp;&nbsp;&nbsp;&nbsp;&nbsp;&nbsp; </span></span></span><span style=\"font-size:9.0pt;\">A text equivalent for every non-text element is provided (e.g. alternative text tags are used in all images, transcripts or close captioning for video, etc.)   </span>\r\n</p>\r\n<p>\r\n\t<span><span>\u00b7<span style=\"Times New Roman&quot; font:7.0pt &quot;\">&nbsp;&nbsp;&nbsp;&nbsp;&nbsp;&nbsp; </span></span></span><span style=\"font-size:9.0pt;\">Captioning is available for audio portions of multimedia presentations.   </span>\r\n</p>\r\n<p>\r\n\t<span><span>\u00b7<span style=\"Times New Roman&quot; font:7.0pt &quot;\">&nbsp;&nbsp;&nbsp;&nbsp;&nbsp;&nbsp; </span></span></span><span style=\"font-size:9.0pt;\">When a page requires that an applet, plug-in, or other application be present on the client system, the page provides a link to the needed plug-in or applet   </span>\r\n</p>\r\n<p>\r\n\t<span><span>\u00b7<span style=\"Times New Roman&quot; font:7.0pt &quot;\">&nbsp;&nbsp;&nbsp;&nbsp;&nbsp;&nbsp; </span></span></span><span style=\"font-size:9.0pt;\">Row and column headers are identified in data tables   </span>\r\n</p>\r\n<span><span>\u00b7<span style=\"Times New Roman&quot; font:7.0pt &quot;\">&nbsp;&nbsp;&nbsp;&nbsp;&nbsp;&nbsp; </span></span></span><span style=\"font-size:9.0pt;\">Use of color does not disadvantage those with color blindness</span>&nbsp;\r\n", "rank": 5}}, {"pk": 9, "model": "review.reviewquestion", "fields": {"text": "A.", "section": 3, "guide": "&nbsp;&nbsp;\r\n<h3>\r\n\t<span lang=\"X-NONE\"><span>A.<span style=\"Times New Roman&quot; font:7.0pt &quot;\">&nbsp;&nbsp;&nbsp;&nbsp;&nbsp; </span></span></span><span lang=\"X-NONE\" style=\"font-size:9.0pt;\">Course design promotes interaction and collaboration   </span>\r\n</h3>\r\n<p>\r\n\t<span><span>\u00b7<span style=\"Times New Roman&quot; font:7.0pt &quot;\">&nbsp;&nbsp;&nbsp;&nbsp;&nbsp;&nbsp; </span></span></span><span style=\"font-size:9.0pt;\">Students are encouraged to introduce themselves and/or create a profile in Blackboard or Moodle   </span>\r\n</p>\r\n<p>\r\n\t<span><span>\u00b7<span style=\"Times New Roman&quot; font:7.0pt &quot;\">&nbsp;&nbsp;&nbsp;&nbsp;&nbsp;&nbsp; </span></span></span><span style=\"font-size:9.0pt;\">Students are encouraged to respond to classmate interactions   </span>\r\n</p>\r\n<p>\r\n\t<span><span>\u00b7<span style=\"Times New Roman&quot; font:7.0pt &quot;\">&nbsp;&nbsp;&nbsp;&nbsp;&nbsp;&nbsp; </span></span></span><span style=\"font-size:9.0pt;\">Instructor introduces himself/herself   </span>\r\n</p>\r\n<p>\r\n\t<span><span>\u00b7<span style=\"Times New Roman&quot; font:7.0pt &quot;\">&nbsp;&nbsp;&nbsp;&nbsp;&nbsp;&nbsp; </span></span></span><span style=\"font-size:9.0pt;\">Expectations for synchronous and asynchronous activities are clearly stated   </span>\r\n</p>\r\n<p>\r\n\t<span><span>\u00b7<span style=\"Times New Roman&quot; font:7.0pt &quot;\">&nbsp;&nbsp;&nbsp;&nbsp;&nbsp;&nbsp; </span></span></span><span style=\"font-size:9.0pt;\">Course provides opportunities for interaction with a community of practice &nbsp;&nbsp;</span>\r\n</p>\r\n", "rank": 1}}, {"pk": 10, "model": "review.reviewquestion", "fields": {"text": "B.", "section": 3, "guide": "&nbsp;&nbsp;\r\n<h3>\r\n\t<span lang=\"X-NONE\"><span>B.<span style=\"Times New Roman&quot; font:7.0pt &quot;\">&nbsp;&nbsp;&nbsp;&nbsp;&nbsp; </span></span></span><span lang=\"X-NONE\" style=\"font-size:9.0pt;\">Activities enhance student learning   </span>\r\n</h3>\r\n<p>\r\n\t<span><span>\u00b7<span style=\"Times New Roman&quot; font:7.0pt &quot;\">&nbsp;&nbsp;&nbsp;&nbsp;&nbsp;&nbsp; </span></span></span><span style=\"font-size:9.0pt;\">Course activities clearly target learning objectives   </span>\r\n</p>\r\n<p>\r\n\t<span><span>\u00b7<span style=\"Times New Roman&quot; font:7.0pt &quot;\">&nbsp;&nbsp;&nbsp;&nbsp;&nbsp;&nbsp; </span></span></span><span style=\"font-size:9.0pt;\">Activities address multiple learning preferences   </span>\r\n</p>\r\n<p>\r\n\t<span><span>\u00b7<span style=\"Times New Roman&quot; font:7.0pt &quot;\">&nbsp;&nbsp;&nbsp;&nbsp;&nbsp;&nbsp; </span></span></span><span style=\"font-size:9.0pt;\">Reading and writing requirements are consistent with student abilities and course   </span>\r\n</p>\r\n<p>\r\n\t<span><span>\u00b7<span style=\"Times New Roman&quot; font:7.0pt &quot;\">&nbsp;&nbsp;&nbsp;&nbsp;&nbsp;&nbsp; </span></span></span><span style=\"font-size:9.0pt;\">Activities lead to learning desired concepts   </span>\r\n</p>\r\n<p>\r\n\t<span><span>\u00b7<span style=\"Times New Roman&quot; font:7.0pt &quot;\">&nbsp;&nbsp;&nbsp;&nbsp;&nbsp;&nbsp; </span></span></span><span style=\"font-size:9.0pt;\">Summaries are provided frequently, particularly at the end of topics or modules   </span>\r\n</p>\r\n<p>\r\n\t<span><span>\u00b7<span style=\"Times New Roman&quot; font:7.0pt &quot;\">&nbsp;&nbsp;&nbsp;&nbsp;&nbsp;&nbsp; </span></span></span><span style=\"font-size:9.0pt;\">Activities develop critical thinking and problem-solving skills &nbsp;&nbsp;</span>\r\n</p>\r\n", "rank": 2}}, {"pk": 11, "model": "review.reviewquestion", "fields": {"text": "C.", "section": 3, "guide": "&nbsp;No additional information is available.\r\n", "rank": 3}}, {"pk": 12, "model": "review.reviewquestion", "fields": {"text": "D.", "section": 3, "guide": "No additional information is available.&nbsp;\r\n", "rank": 4}}, {"pk": 13, "model": "review.reviewquestion", "fields": {"text": "E.", "section": 3, "guide": "No additional information is available.&nbsp;\r\n", "rank": 5}}, {"pk": 14, "model": "review.reviewquestion", "fields": {"text": "A.", "section": 4, "guide": "&nbsp;&nbsp;\r\n<h3>\r\n\t<span lang=\"X-NONE\"><span>A.<span style=\"Times New Roman&quot; font:7.0pt &quot;\">&nbsp;&nbsp;&nbsp;&nbsp;&nbsp; </span></span></span><span lang=\"X-NONE\" style=\"font-size:9.0pt;\">Course has activities to assess student readiness for course content and mode of delivery   </span>\r\n</h3>\r\n<p>\r\n\t<span><span>\u00b7<span style=\"Times New Roman&quot; font:7.0pt &quot;\">&nbsp;&nbsp;&nbsp;&nbsp;&nbsp;&nbsp; </span></span></span><span style=\"font-size:9.0pt;\">All assessment criteria are available to students   </span>\r\n</p>\r\n<p>\r\n\t<span><span>\u00b7<span style=\"Times New Roman&quot; font:7.0pt &quot;\">&nbsp;&nbsp;&nbsp;&nbsp;&nbsp;&nbsp; </span></span></span><span style=\"font-size:9.0pt;\">Acceptable methods for completing assignments are identified (group work, open book, etc.) &nbsp;&nbsp;</span>\r\n</p>\r\n", "rank": 1}}, {"pk": 15, "model": "review.reviewquestion", "fields": {"text": "B.", "section": 4, "guide": "&nbsp;&nbsp;\r\n<h3>\r\n\t<span lang=\"X-NONE\"><span>B.<span style=\"Times New Roman&quot; font:7.0pt &quot;\">&nbsp;&nbsp;&nbsp;&nbsp;&nbsp; </span></span></span><span lang=\"X-NONE\" style=\"font-size:9.0pt;\">Assessment activities are aligned with learning objectives   </span>\r\n</h3>\r\n<p>\r\n\t<span><span>\u00b7<span style=\"Times New Roman&quot; font:7.0pt &quot;\">&nbsp;&nbsp;&nbsp;&nbsp;&nbsp;&nbsp; </span></span></span><span style=\"font-size:9.0pt;\">Learning objectives are listed or referenced in main assessments   </span>\r\n</p>\r\n<p>\r\n\t<span><span>\u00b7<span style=\"Times New Roman&quot; font:7.0pt &quot;\">&nbsp;&nbsp;&nbsp;&nbsp;&nbsp;&nbsp; </span></span></span><span style=\"font-size:9.0pt;\">Criteria to evaluate participation in online discussion are made available   </span>\r\n</p>\r\n<p>\r\n\t<span><span>\u00b7<span style=\"Times New Roman&quot; font:7.0pt &quot;\">&nbsp;&nbsp;&nbsp;&nbsp;&nbsp;&nbsp; </span></span></span><span style=\"font-size:9.0pt;\">Study questions or sample questions are provided for main evaluations   </span>\r\n</p>\r\n<p>\r\n\t<span><span>\u00b7<span style=\"Times New Roman&quot; font:7.0pt &quot;\">&nbsp;&nbsp;&nbsp;&nbsp;&nbsp;&nbsp; </span></span></span><span style=\"font-size:9.0pt;\">Samples of assignments are provided &nbsp;&nbsp;</span>\r\n</p>\r\n", "rank": 2}}, {"pk": 16, "model": "review.reviewquestion", "fields": {"text": "C.", "section": 4, "guide": "&nbsp;&nbsp;\r\n<h3>\r\n\t<span lang=\"X-NONE\"><span>C.<span style=\"Times New Roman&quot; font:7.0pt &quot;\">&nbsp;&nbsp;&nbsp;&nbsp;&nbsp; </span></span></span><span lang=\"X-NONE\" style=\"font-size:9.0pt;\">Multiple assessment strategies are used to measure content knowledge, attitudes, and skills   </span>\r\n</h3>\r\n<p>\r\n\t<span><span>\u00b7<span style=\"Times New Roman&quot; font:7.0pt &quot;\">&nbsp;&nbsp;&nbsp;&nbsp;&nbsp;&nbsp; </span></span></span><span style=\"font-size:9.0pt;\">When possible, options among assignments are provided to allow for different interests, backgrounds, and learning preferences   </span>\r\n</p>\r\n<p>\r\n\t<span><span>\u00b7<span style=\"Times New Roman&quot; font:7.0pt &quot;\">&nbsp;&nbsp;&nbsp;&nbsp;&nbsp;&nbsp; </span></span></span><span style=\"font-size:9.0pt;\">Students are not assessed solely on tests/quizzes but are provided ample opportunity to demonstrate proficiency in different ways (e.g., projects, problem sets, contributions and responses to online discussions, completion of online assignments, portfolio submissions, special projects and/or presentations, creation of authentic products, etc.) &nbsp;&nbsp;</span>\r\n</p>\r\n", "rank": 3}}, {"pk": 17, "model": "review.reviewquestion", "fields": {"text": "D.", "section": 4, "guide": "&nbsp;&nbsp;\r\n<h3>\r\n\t<span lang=\"X-NONE\"><span>D.<span style=\"Times New Roman&quot; font:7.0pt &quot;\">&nbsp;&nbsp;&nbsp;&nbsp;&nbsp; </span></span></span><span lang=\"X-NONE\" style=\"font-size:9.0pt;\">Opportunities for students to receive feedback about their own performance are provided   </span>\r\n</h3>\r\n<p>\r\n\t<span><span>\u00b7<span style=\"Times New Roman&quot; font:7.0pt &quot;\">&nbsp;&nbsp;&nbsp;&nbsp;&nbsp;&nbsp; </span></span></span><span style=\"font-size:9.0pt;\">Self-grading assignments are released immediately   </span>\r\n</p>\r\n<p>\r\n\t<span><span>\u00b7<span style=\"Times New Roman&quot; font:7.0pt &quot;\">&nbsp;&nbsp;&nbsp;&nbsp;&nbsp;&nbsp; </span></span></span><span style=\"font-size:9.0pt;\">A general feedback mechanism is implemented (e.g., through an announcement tool)   </span>\r\n</p>\r\n<p>\r\n\t<span><span>\u00b7<span style=\"Times New Roman&quot; font:7.0pt &quot;\">&nbsp;&nbsp;&nbsp;&nbsp;&nbsp;&nbsp; </span></span></span><span style=\"font-size:9.0pt;\">All assignments have due dates   </span>\r\n</p>\r\n<p>\r\n\t<span><span>\u00b7<span style=\"Times New Roman&quot; font:7.0pt &quot;\">&nbsp;&nbsp;&nbsp;&nbsp;&nbsp;&nbsp; </span></span></span><span style=\"font-size:9.0pt;\">Rubrics for all assignments identify assessment guidelines &nbsp; &nbsp;</span>\r\n</p>\r\n", "rank": 4}}, {"pk": 18, "model": "review.reviewquestion", "fields": {"text": "E.", "section": 4, "guide": "&nbsp;&nbsp;\r\n<h3>\r\n\t<span lang=\"X-NONE\"><span>E.<span style=\"Times New Roman&quot; font:7.0pt &quot;\">&nbsp;&nbsp;&nbsp;&nbsp;&nbsp; </span></span></span><span lang=\"X-NONE\" style=\"font-size:9.0pt;\">Self-assessments and peer feedback   </span>\r\n</h3>\r\n<p>\r\n\t<span><span>\u00b7<span style=\"Times New Roman&quot; font:7.0pt &quot;\">&nbsp;&nbsp;&nbsp;&nbsp;&nbsp;&nbsp; </span></span></span><span style=\"font-size:9.0pt;\">Self-tests are similar to the final evaluation instruments   </span>\r\n</p>\r\n<p>\r\n\t<span><span>\u00b7<span style=\"Times New Roman&quot; font:7.0pt &quot;\">&nbsp;&nbsp;&nbsp;&nbsp;&nbsp;&nbsp; </span></span></span><span style=\"font-size:9.0pt;\">Course includes a tool /section to allow students pose discussion questions and respond to others\u2019 discussion topics   </span>\r\n</p>\r\n<span>Formal (graded) or informal peer-review opportunities are provided&nbsp;</span>\r\n", "rank": 5}}, {"pk": 19, "model": "review.reviewquestion", "fields": {"text": "A.", "section": 5, "guide": "&nbsp;&nbsp;\r\n<h3>\r\n\t<span lang=\"X-NONE\"><span>A.<span style=\"Times New Roman&quot; font:7.0pt &quot;\">&nbsp;&nbsp;&nbsp;&nbsp;&nbsp; </span></span></span><span lang=\"X-NONE\" style=\"font-size:9.0pt;\">Appropriate tools to facilitate communication and interaction   </span>\r\n</h3>\r\n<p>\r\n\t<span><span>\u00b7<span style=\"Times New Roman&quot; font:7.0pt &quot;\">&nbsp;&nbsp;&nbsp;&nbsp;&nbsp;&nbsp; </span></span></span><span style=\"font-size:9.0pt;\">Course uses technology tools to facilitate spontaneous synchronous communication (e.g., chat, videoconferencing, instant messaging, etc.)   </span>\r\n</p>\r\n<span><span>\u00b7<span style=\"Times New Roman&quot; font:7.0pt &quot;\">&nbsp;&nbsp;&nbsp;&nbsp;&nbsp;&nbsp; </span></span></span><span style=\"font-size:9.0pt;\">Course uses technology tools to facilitate asynchronous interactions (e.g., discussion boards, e-mail, wikis, etc.)&nbsp;</span>&nbsp;\r\n", "rank": 1}}, {"pk": 20, "model": "review.reviewquestion", "fields": {"text": "B.", "section": 5, "guide": "&nbsp;&nbsp;\r\n<h3>\r\n\t<span lang=\"X-NONE\"><span>B.<span style=\"Times New Roman&quot; font:7.0pt &quot;\">&nbsp;&nbsp;&nbsp;&nbsp;&nbsp; </span></span></span><span lang=\"X-NONE\" style=\"font-size:9.0pt;\">Multimedia elements and/or learning objects are used to enhance learning.   </span>\r\n</h3>\r\n<p>\r\n\t<span><span>\u00b7<span style=\"Times New Roman&quot; font:7.0pt &quot;\">&nbsp;&nbsp;&nbsp;&nbsp;&nbsp;&nbsp; </span></span></span><span style=\"font-size:9.0pt;\">Tutorials include screen captures and voice over   </span>\r\n</p>\r\n<p>\r\n\t<span><span>\u00b7<span style=\"Times New Roman&quot; font:7.0pt &quot;\">&nbsp;&nbsp;&nbsp;&nbsp;&nbsp;&nbsp; </span></span></span><span style=\"font-size:9.0pt;\">Multimedia elements (e.g., audio, video, etc.) are distributed in multiple wyas (e.g., embedded in course page, through a subscription, etc.)   </span>\r\n</p>\r\n<p>\r\n\t<span><span>\u00b7<span style=\"Times New Roman&quot; font:7.0pt &quot;\">&nbsp;&nbsp;&nbsp;&nbsp;&nbsp;&nbsp; </span></span></span><span style=\"font-size:9.0pt;\">Slide presentations are narrated and transcribed   </span>\r\n</p>\r\n<p>\r\n\t<span><span>\u00b7<span style=\"Times New Roman&quot; font:7.0pt &quot;\">&nbsp;&nbsp;&nbsp;&nbsp;&nbsp;&nbsp; </span></span></span><span style=\"font-size:9.0pt;\">Multimedia elements clearly help students achieve course goals or objectives   </span>\r\n</p>\r\n<p>\r\n\t<span><span>\u00b7<span style=\"Times New Roman&quot; font:7.0pt &quot;\">&nbsp;&nbsp;&nbsp;&nbsp;&nbsp;&nbsp; </span></span></span><span class=\"small\"><span style=\"font-size:9.0pt;\">Multimedia elements </span></span><span style=\"font-size:9.0pt;\">are compatible with multiple operating systems and require only standard, free plug-ins &nbsp;&nbsp;</span>\r\n</p>\r\n", "rank": 2}}, {"pk": 21, "model": "review.reviewquestion", "fields": {"text": "C.", "section": 5, "guide": "No additional information is available.&nbsp;\r\n", "rank": 3}}, {"pk": 22, "model": "review.reviewquestion", "fields": {"text": "D.", "section": 5, "guide": "&nbsp;No additional information is available.\r\n", "rank": 4}}, {"pk": 23, "model": "review.reviewquestion", "fields": {"text": "A.", "section": 6, "guide": "&nbsp;&nbsp;\r\n<h3>\r\n\t<span lang=\"X-NONE\"><span>A.<span style=\"Times New Roman&quot; font:7.0pt &quot;\">&nbsp;&nbsp;&nbsp;&nbsp;&nbsp; </span></span></span><span lang=\"X-NONE\" style=\"font-size:9.0pt;\">Course content   </span>\r\n</h3>\r\n<span><span>\u00b7<span style=\"Times New Roman&quot; font:7.0pt &quot;\">&nbsp;&nbsp;&nbsp;&nbsp;&nbsp;&nbsp; </span></span></span><span style=\"font-size:9.0pt;\">Students are given opportunities to give feedback on course content</span>&nbsp;\r\n", "rank": 1}}, {"pk": 24, "model": "review.reviewquestion", "fields": {"text": "B.", "section": 6, "guide": "&nbsp;&nbsp;\r\n<h3>\r\n\t<span lang=\"X-NONE\"><span>B.<span style=\"Times New Roman&quot; font:7.0pt &quot;\">&nbsp;&nbsp;&nbsp;&nbsp;&nbsp; </span></span></span><span lang=\"X-NONE\" style=\"font-size:9.0pt;\">Technology   </span>\r\n</h3>\r\n<p>\r\n\t<span><span>\u00b7<span style=\"Times New Roman&quot; font:7.0pt &quot;\">&nbsp;&nbsp;&nbsp;&nbsp;&nbsp;&nbsp; </span></span></span><span style=\"font-size:9.0pt;\">Course contains a mechanism to solicit student feedback regarding technology issues they may encounter (e.g., through a Discussion Topic for Feedback) &nbsp;&nbsp;</span>\r\n</p>\r\n", "rank": 2}}, {"pk": 25, "model": "review.reviewquestion", "fields": {"text": "C.", "section": 6, "guide": "&nbsp;No additional information is available.\r\n", "rank": 3}}, {"pk": 1, "model": "review.reviewquestionoption", "fields": {"answer": false, "text": "Course contains limited information for online learner support and links to campus resources.\r\n", "type": "radio", "rank": 1, "parent": 1}}, {"pk": 2, "model": "review.reviewquestionoption", "fields": {"answer": false, "text": "Course contains adequate information for online learner support and links to campus resources.\r\n", "type": "radio", "rank": 2, "parent": 1}}, {"pk": 3, "model": "review.reviewquestionoption", "fields": {"answer": false, "text": "Course contains extensive information about being an online learner and links to campus resources.\r\n", "type": "radio", "rank": 3, "parent": 1}}, {"pk": 4, "model": "review.reviewquestionoption", "fields": {"answer": false, "text": "Course provides limited course-specific resources, limited contact information for instructor, department, and/or program.\r\n", "type": "radio", "rank": 1, "parent": 2}}, {"pk": 5, "model": "review.reviewquestionoption", "fields": {"answer": false, "text": "Course provides adequate course-specific resources, some contact information for instructor, department, and program.\r\n", "type": "radio", "rank": 2, "parent": 2}}, {"pk": 6, "model": "review.reviewquestionoption", "fields": {"answer": false, "text": "Course provides a variety of course-specific resources, contact information for instructor, department, and program.\r\n", "type": "radio", "rank": 3, "parent": 2}}, {"pk": 7, "model": "review.reviewquestionoption", "fields": {"answer": false, "text": "Course offers limited resources supporting course content and different learning abilities.\r\n", "type": "radio", "rank": 1, "parent": 3}}, {"pk": 8, "model": "review.reviewquestionoption", "fields": {"answer": false, "text": "Course offers access to adequate resources supporting course content and different learning abilities.\r\n", "type": "radio", "rank": 2, "parent": 3}}, {"pk": 9, "model": "review.reviewquestionoption", "fields": {"answer": false, "text": "Course offers access to a wide range of resources supporting course content and different learning abilities.\r\n", "type": "radio", "rank": 3, "parent": 3}}, {"pk": 10, "model": "review.reviewquestionoption", "fields": {"answer": false, "text": "Much of the course is under construction, with some key components identified such as the syllabus.\r\n", "type": "radio", "rank": 1, "parent": 4}}, {"pk": 11, "model": "review.reviewquestionoption", "fields": {"answer": false, "text": "Course is organized and navigable. Students can understand the key components and structure of the course.\r\n", "type": "radio", "rank": 2, "parent": 4}}, {"pk": 12, "model": "review.reviewquestionoption", "fields": {"answer": false, "text": "Course is well-organized and easy to navigate. Students can clearly understand all components and structure of the course.\r\n", "type": "radio", "rank": 3, "parent": 4}}, {"pk": 13, "model": "review.reviewquestionoption", "fields": {"answer": false, "text": "Course syllabus is unclear about what is expected of students.\r\n", "type": "radio", "rank": 1, "parent": 5}}, {"pk": 14, "model": "review.reviewquestionoption", "fields": {"answer": false, "text": "Course syllabus identifies and delineates the role the online environment will play in the course.\r\n", "type": "radio", "rank": 2, "parent": 5}}, {"pk": 15, "model": "review.reviewquestionoption", "fields": {"answer": false, "text": "Course syllabus identifies and clearly delineates the role the online environment will play in the total course.\r\n", "type": "radio", "rank": 3, "parent": 5}}, {"pk": 16, "model": "review.reviewquestionoption", "fields": {"answer": false, "text": "Aesthetic design does not present and communicate course information clearly.\r\n", "type": "radio", "rank": 1, "parent": 6}}, {"pk": 17, "model": "review.reviewquestionoption", "fields": {"answer": false, "text": "Aesthetic design presents and communicates course information clearly.\r\n", "type": "radio", "rank": 2, "parent": 6}}, {"pk": 18, "model": "review.reviewquestionoption", "fields": {"answer": false, "text": "Aesthetic design presents and communicates course information clearly throughout the course.\r\n", "type": "radio", "rank": 3, "parent": 6}}, {"pk": 19, "model": "review.reviewquestionoption", "fields": {"answer": false, "text": "Web pages are inconsistent both visually and functionally.\r\n", "type": "radio", "rank": 1, "parent": 7}}, {"pk": 20, "model": "review.reviewquestionoption", "fields": {"answer": false, "text": "Most web pages are visually and functionally consistent.\r\n", "type": "radio", "rank": 2, "parent": 7}}, {"pk": 21, "model": "review.reviewquestionoption", "fields": {"answer": false, "text": "All web pages are visually and functionally consistent throughout the course.\r\n", "type": "radio", "rank": 3, "parent": 7}}, {"pk": 22, "model": "review.reviewquestionoption", "fields": {"answer": false, "text": "Accessibility issues are not addressed. (Including: sight mobility, hearing, cognition, ESL, and technical.)\r\n", "type": "radio", "rank": 1, "parent": 8}}, {"pk": 23, "model": "review.reviewquestionoption", "fields": {"answer": false, "text": "Accessibility issues are briefly addressed. (Including: sight, hearing, cognition, ESL, and technical.)\r\n", "type": "radio", "rank": 2, "parent": 8}}, {"pk": 24, "model": "review.reviewquestionoption", "fields": {"answer": false, "text": "Accessibility issues are addressed throughout the course. (Including: sight, mobility, hearing, cognition, ESL, and technical.)\r\n", "type": "radio", "rank": 3, "parent": 8}}, {"pk": 25, "model": "review.reviewquestionoption", "fields": {"answer": false, "text": "Course offers limited opportunity for interaction and communication student to student, student to instructor and student to content.\r\n", "type": "radio", "rank": 1, "parent": 9}}, {"pk": 26, "model": "review.reviewquestionoption", "fields": {"answer": false, "text": "Course offers adequate opportunities for interaction and communication student to student, student to instructor and student to content.\r\n", "type": "radio", "rank": 2, "parent": 9}}, {"pk": 27, "model": "review.reviewquestionoption", "fields": {"answer": false, "text": "Course offers ample opportunities for interaction and communication student to student, student to instructor and student to content.\r\n", "type": "radio", "rank": 3, "parent": 9}}, {"pk": 28, "model": "review.reviewquestionoption", "fields": {"answer": false, "text": "Course goals are not clearly defined and do not align to learning objectives\r\n", "type": "radio", "rank": 1, "parent": 10}}, {"pk": 29, "model": "review.reviewquestionoption", "fields": {"answer": false, "text": "Course goals are adequately defined but may not align to learning objectives.\r\n", "type": "radio", "rank": 2, "parent": 10}}, {"pk": 30, "model": "review.reviewquestionoption", "fields": {"answer": false, "text": "Course goals are clearly defined and do not align to learning objectives.\r\n", "type": "radio", "rank": 3, "parent": 10}}, {"pk": 31, "model": "review.reviewquestionoption", "fields": {"answer": false, "text": "Learning objectives are vague or incomplete and learning activities are absent or unclear.\r\n", "type": "radio", "rank": 1, "parent": 11}}, {"pk": 32, "model": "review.reviewquestionoption", "fields": {"answer": false, "text": "Learning objectives are identified and learning activities are implied.\r\n", "type": "radio", "rank": 2, "parent": 11}}, {"pk": 33, "model": "review.reviewquestionoption", "fields": {"answer": false, "text": "Learning objectives are identified and learning activities are clearly integrated.\r\n", "type": "radio", "rank": 3, "parent": 11}}, {"pk": 34, "model": "review.reviewquestionoption", "fields": {"answer": false, "text": "Course provides limited visual, textual, kinesthetic and/or auditory activities to enhance student learning and accessibility.\r\n", "type": "radio", "rank": 1, "parent": 12}}, {"pk": 35, "model": "review.reviewquestionoption", "fields": {"answer": false, "text": "Course provides adequate visual, textual, kinesthetic and/or auditory activities to enhance student learning and accessibility.\r\n", "type": "radio", "rank": 2, "parent": 12}}, {"pk": 36, "model": "review.reviewquestionoption", "fields": {"answer": false, "text": "Course provides multiple visual, textual, kinesthetic and/or auditory activities to enhance student learning and accessibility.\r\n", "type": "radio", "rank": 3, "parent": 12}}, {"pk": 37, "model": "review.reviewquestionoption", "fields": {"answer": false, "text": "Course provides limited activities to help students develop critical thinking and/or problem-solving skills.\r\n", "type": "radio", "rank": 1, "parent": 13}}, {"pk": 38, "model": "review.reviewquestionoption", "fields": {"answer": false, "text": "Course provides adequate activities to help students develop critical thinking and/or problem-solving skills.\r\n", "type": "radio", "rank": 2, "parent": 13}}, {"pk": 39, "model": "review.reviewquestionoption", "fields": {"answer": false, "text": "Course provides multiple activities that help students develop critical thinking and problem-solving skills.\r\n", "type": "radio", "rank": 3, "parent": 13}}, {"pk": 40, "model": "review.reviewquestionoption", "fields": {"answer": false, "text": "Course has limited activities to assess student readiness for course content and mode of delivery.\r\n", "type": "radio", "rank": 1, "parent": 14}}, {"pk": 41, "model": "review.reviewquestionoption", "fields": {"answer": false, "text": "Course has adequate activities to assess student readiness for course content and mode of delivery.\r\n", "type": "radio", "rank": 2, "parent": 14}}, {"pk": 42, "model": "review.reviewquestionoption", "fields": {"answer": false, "text": "Course has multiple timely and appropriate activities to assess student readiness for course content and mode of delivery.\r\n", "type": "radio", "rank": 3, "parent": 14}}, {"pk": 43, "model": "review.reviewquestionoption", "fields": {"answer": false, "text": "Learning objectives, instructional and assessment activities are not aligned.\r\n", "type": "radio", "rank": 1, "parent": 15}}, {"pk": 44, "model": "review.reviewquestionoption", "fields": {"answer": false, "text": "Learning objectives, instructional and assessment activities are aligned.\r\n", "type": "radio", "rank": 2, "parent": 15}}, {"pk": 45, "model": "review.reviewquestionoption", "fields": {"answer": false, "text": "Learning objectives, instructional and assessment activities are closely aligned.\r\n", "type": "radio", "rank": 3, "parent": 15}}, {"pk": 46, "model": "review.reviewquestionoption", "fields": {"answer": false, "text": "Assessment strategies are limited in use to measure content knowledge, attitudes and skills.\r\n", "type": "radio", "rank": 1, "parent": 16}}, {"pk": 47, "model": "review.reviewquestionoption", "fields": {"answer": false, "text": "Ongoing strategies are used to measure content knowledge, attitudes and skills.\r\n", "type": "radio", "rank": 2, "parent": 16}}, {"pk": 48, "model": "review.reviewquestionoption", "fields": {"answer": false, "text": "Ongoing multiple assessment strategies are used to measure content knowledge, attitudes, and skills.\r\n", "type": "radio", "rank": 3, "parent": 16}}, {"pk": 49, "model": "review.reviewquestionoption", "fields": {"answer": false, "text": "Opportunities for students to receive feedback about their own performance are infrequent and sporadic.\r\n", "type": "radio", "rank": 1, "parent": 17}}, {"pk": 50, "model": "review.reviewquestionoption", "fields": {"answer": false, "text": "Opportunities for students to receive feedback about their own performance are provided.\r\n", "type": "radio", "rank": 2, "parent": 17}}, {"pk": 51, "model": "review.reviewquestionoption", "fields": {"answer": false, "text": "Regular feedback about student performance is provided in a timely manner throughout the course.\r\n", "type": "radio", "rank": 3, "parent": 17}}, {"pk": 52, "model": "review.reviewquestionoption", "fields": {"answer": false, "text": "Students' self-assessments and/or peer feedback opportunities are limited.\r\n", "type": "radio", "rank": 1, "parent": 18}}, {"pk": 53, "model": "review.reviewquestionoption", "fields": {"answer": false, "text": "Students' self-assessments and/or peer feedback opportunities exist.\r\n", "type": "radio", "rank": 2, "parent": 18}}, {"pk": 54, "model": "review.reviewquestionoption", "fields": {"answer": false, "text": "Students' self-assessments and/or peer feedback opportunities exist throughout the course.\r\n", "type": "radio", "rank": 3, "parent": 18}}, {"pk": 55, "model": "review.reviewquestionoption", "fields": {"answer": false, "text": "Course uses limited technology tools to facilitate communication and learning.\r\n", "type": "radio", "rank": 1, "parent": 19}}, {"pk": 56, "model": "review.reviewquestionoption", "fields": {"answer": false, "text": "Course uses adequate technology tools to facilitate communication and learning.\r\n", "type": "radio", "rank": 2, "parent": 19}}, {"pk": 57, "model": "review.reviewquestionoption", "fields": {"answer": false, "text": "Course uses a variety of technology tools to appropriately facilitate communication and learning.\r\n", "type": "radio", "rank": 3, "parent": 19}}, {"pk": 58, "model": "review.reviewquestionoption", "fields": {"answer": false, "text": "New teaching methods applied to enhance student learning are limited.\r\n", "type": "radio", "rank": 1, "parent": 20}}, {"pk": 59, "model": "review.reviewquestionoption", "fields": {"answer": false, "text": "New teaching methods are adequately applied to innovatively enhance student learning.\r\n", "type": "radio", "rank": 2, "parent": 20}}, {"pk": 60, "model": "review.reviewquestionoption", "fields": {"answer": false, "text": "New teaching methods are applied to innovatively enhance student learning, and interactively engage students.\r\n", "type": "radio", "rank": 3, "parent": 20}}, {"pk": 61, "model": "review.reviewquestionoption", "fields": {"answer": false, "text": "There are limited multimedia elements and/or learning objects for accommodating different learning styles.\r\n", "type": "radio", "rank": 1, "parent": 21}}, {"pk": 62, "model": "review.reviewquestionoption", "fields": {"answer": false, "text": "Multimedia elements and/or learning objects are used and are relevant to accommodate different learning styles.\r\n", "type": "radio", "rank": 2, "parent": 21}}, {"pk": 63, "model": "review.reviewquestionoption", "fields": {"answer": false, "text": "A variety of multimedia elements and/or learning objects are used and are relevant to accommodate different learning styles throughout the course.\r\n", "type": "radio", "rank": 3, "parent": 21}}, {"pk": 64, "model": "review.reviewquestionoption", "fields": {"answer": false, "text": "Course uses Internet access and engages students in the learning process in a very limited way.\r\n", "type": "radio", "rank": 1, "parent": 22}}, {"pk": 65, "model": "review.reviewquestionoption", "fields": {"answer": false, "text": "Course optimizes Internet access and effectively engages students in the learning process.\r\n", "type": "radio", "rank": 2, "parent": 22}}, {"pk": 66, "model": "review.reviewquestionoption", "fields": {"answer": false, "text": "Course optimizes Internet access and effectively engages students in the learning process in a variety of ways throughout the course.\r\n", "type": "radio", "rank": 3, "parent": 22}}, {"pk": 67, "model": "review.reviewquestionoption", "fields": {"answer": false, "text": "Instructor offers limited opportunity for students to give feedback to faculty on course content.\r\n", "type": "radio", "rank": 1, "parent": 23}}, {"pk": 68, "model": "review.reviewquestionoption", "fields": {"answer": false, "text": "Instructor offers adequate opportunities for students to give feedback on course content.\r\n", "type": "radio", "rank": 2, "parent": 23}}, {"pk": 69, "model": "review.reviewquestionoption", "fields": {"answer": false, "text": "Instructor offers multiple opportunities for students to give feedback on course content.\r\n", "type": "radio", "rank": 3, "parent": 23}}, {"pk": 70, "model": "review.reviewquestionoption", "fields": {"answer": false, "text": "Instructor offers limited opportunity for students to give feedback on ease of online technology and accessibility of the course.\r\n", "type": "radio", "rank": 1, "parent": 24}}, {"pk": 71, "model": "review.reviewquestionoption", "fields": {"answer": false, "text": "Instructor offers adequate opportunities for students to give feedback on ease of online technology and accessibility of the course.\r\n", "type": "radio", "rank": 2, "parent": 24}}, {"pk": 72, "model": "review.reviewquestionoption", "fields": {"answer": false, "text": "Instructor offers multiple opportunities for students to give feedback on ease of online technology and accessibility of the course\r\n", "type": "radio", "rank": 3, "parent": 24}}, {"pk": 73, "model": "review.reviewquestionoption", "fields": {"answer": false, "text": "Instructor uses student feedback to help plan instruction and assessment of student learning for the next semester in a <b>limited</b> way.\r\n", "type": "radio", "rank": 1, "parent": 25}}, {"pk": 74, "model": "review.reviewquestionoption", "fields": {"answer": false, "text": "Instructor requests and uses student feedback a couple of times during the semester to help plan instruction and assessment of student learning for the rest of the semester.\r\n", "type": "radio", "rank": 2, "parent": 25}}, {"pk": 75, "model": "review.reviewquestionoption", "fields": {"answer": false, "text": "Instructor uses formal and informal student feedback in an ongoing basis to help plan instruction and assessment of student learning throughout the semester.\r\n", "type": "radio", "rank": 3, "parent": 25}}, {"pk": 1, "model": "review.review", "fields": {"startdate": null, "siteurl": "http://www.google.com/", "coursetitle": "Programming 101", "reviewers": [1], "coursedesc": "", "instructors": [1], "siteinfo": "", "survey": 1, "presurv": 1, "completed": null}}, {"pk": 2, "model": "review.review", "fields": {"startdate": null, "siteurl": "http://www.google.com/", "coursetitle": "Mythology 101", "reviewers": [1], "coursedesc": "", "instructors": [1], "siteinfo": "", "survey": 1, "presurv": 1, "completed": null}}, {"pk": 1, "model": "review.question", "fields": {"text": "How many students enrolled in the course?", "survey": 1, "rank": 1}}, {"pk": 2, "model": "review.question", "fields": {"text": "Is this a core course in the department?", "survey": 1, "rank": 2}}, {"pk": 3, "model": "review.question", "fields": {"text": "Were students enrolled to the course come from one department/major?", "survey": 1, "rank": 3}}, {"pk": 4, "model": "review.question", "fields": {"text": "What is the course primary delivery method?", "survey": 1, "rank": 4}}, {"pk": 5, "model": "review.question", "fields": {"text": "What is the students' average level of online course experience?", "survey": 1, "rank": 5}}, {"pk": 1, "model": "review.questionoption", "fields": {"answer": false, "text": "Yes", "type": "radio", "rank": 1, "parent": 2}}, {"pk": 2, "model": "review.questionoption", "fields": {"answer": false, "text": "No", "type": "radio", "rank": 2, "parent": 2}}, {"pk": 3, "model": "review.questionoption", "fields": {"answer": false, "text": "Yes", "type": "radio", "rank": 1, "parent": 3}}, {"pk": 4, "model": "review.questionoption", "fields": {"answer": false, "text": "No", "type": "radio", "rank": 2, "parent": 3}}, {"pk": 5, "model": "review.questionoption", "fields": {"answer": false, "text": "Online", "type": "radio", "rank": 1, "parent": 4}}, {"pk": 6, "model": "review.questionoption", "fields": {"answer": false, "text": "Hybrid", "type": "radio", "rank": 2, "parent": 4}}, {"pk": 7, "model": "review.questionoption", "fields": {"answer": false, "text": "High Technology Integration (HTI)", "type": "radio", "rank": 3, "parent": 4}}, {"pk": 8, "model": "review.questionoption", "fields": {"answer": false, "text": "Very Low", "type": "radio", "rank": 1, "parent": 5}}, {"pk": 9, "model": "review.questionoption", "fields": {"answer": false, "text": "Low", "type": "radio", "rank": 2, "parent": 5}}, {"pk": 10, "model": "review.questionoption", "fields": {"answer": false, "text": "Moderate", "type": "radio", "rank": 3, "parent": 5}}, {"pk": 11, "model": "review.questionoption", "fields": {"answer": false, "text": "High", "type": "radio", "rank": 4, "parent": 5}}, {"pk": 12, "model": "review.questionoption", "fields": {"answer": false, "text": "Very High", "type": "radio", "rank": 5, "parent": 5}}]